Month,Primary Energy Consumed by the Residential Sector,Electricity Sales to Ultimate Customers in the Residential Sector,End-Use Energy Consumed by the Residential Sector,Residential Sector Electrical System Energy Losses,Total Energy Consumed by the Residential Sector,Primary Energy Consumed by the Commercial Sector,Electricity Sales to Ultimate Customers in the Commercial Sector,End-Use Energy Consumed by the Commercial Sector,Commercial Sector Electrical System Energy Losses,Total Energy Consumed by the Commercial Sector,Primary Energy Consumed by the Industrial Sector,Electricity Sales to Ultimate Customers in the Industrial Sector,End-Use Energy Consumed by the Industrial Sector,Industrial Sector Electrical System Energy Losses,Total Energy Consumed by the Industrial Sector
1973 enero,1339.27,180.291,1519.56,438.081,1957.641,657.977,123.242,781.219,299.461,1080.68,2027.033,188.594,2215.627,458.255,2673.882
1973 febrero,1174.899,169.24,1344.139,368.004,1712.143,623.759,119.754,743.513,260.4,1003.913,1841.299,186.266,2027.565,405.027,2432.592
1973 marzo,983.374,158.027,1141.401,368.678,1510.079,492.136,118.296,610.433,275.987,886.42,1926.411,190.614,2117.025,444.704,2561.729
1973 abril,715.391,142.693,858.084,325.337,1183.421,363.393,113.86,477.253,259.598,736.851,1914.017,190.856,2104.873,435.147,2540.02
1973 mayo,535.914,135.883,671.797,334.528,1006.326,288.63,117.568,406.198,289.438,695.636,2076.468,193.93,2270.397,477.433,2747.831
1973 junio,366.934,153.428,520.362,394.587,914.949,226.461,128.668,355.129,330.908,686.037,1958.75,195.739,2154.488,503.402,2657.89
1973 julio,306.868,184.667,491.535,470.336,961.872,196.228,139.958,336.186,356.465,692.651,2016.833,195.004,2211.837,496.664,2708.501
1973 agosto,313.317,193.604,506.921,487.338,994.259,204.22,141.977,346.197,357.383,703.58,2135.416,200.847,2336.263,505.569,2841.831
1973 septiembre,342.204,191.787,533.991,403.091,937.083,208.169,142.112,350.281,298.685,648.966,2054.255,201.917,2256.172,424.381,2680.553
1973 octubre,448.425,161.072,609.497,368.665,978.162,264.373,129.858,394.231,297.223,691.453,2245.484,206.472,2451.956,472.58,2924.536
1973 noviembre,711.988,147.334,859.322,342.782,1202.105,389.108,123.731,512.839,287.869,800.708,2267.315,199.373,2466.688,463.855,2930.543
1973 diciembre,987.464,158.312,1145.776,392.791,1538.568,508.529,117.629,626.158,291.851,918.009,2224.341,191.312,2415.653,474.666,2890.319
1974 enero,1235.945,180.421,1416.367,430.563,1846.93,631.87,120.804,752.673,288.29,1040.963,1933.969,189.218,2123.187,451.556,2574.742
1974 febrero,1062.873,163.023,1225.897,363.551,1589.448,536.911,115.779,652.69,258.194,910.884,1868.858,186.975,2055.832,416.964,2472.797
1974 marzo,912.136,157.279,1069.415,381.658,1451.073,470.272,115.364,585.636,279.946,865.582,1919.32,190.438,2109.758,462.122,2571.881
1974 abril,723.904,147.376,871.28,343.948,1215.228,373.79,114.209,487.999,266.544,754.543,1786.181,191.463,1977.644,446.839,2424.483
1974 mayo,500.171,140.251,640.421,363.4,1003.821,265.331,117.768,383.098,305.145,688.244,1913.278,195.256,2108.534,505.924,2614.458
1974 junio,369.658,158.989,528.647,388.188,916.835,213.921,127.622,341.543,311.602,653.144,1867.318,196.88,2064.197,480.702,2544.9
1974 julio,318.421,182.68,501.101,491.564,992.665,194.741,137.243,331.983,369.299,701.283,1982.717,196.201,2178.918,527.948,2706.866
1974 agosto,297.214,193.458,490.672,475.688,966.36,196.811,141.677,338.487,348.364,686.852,2051.401,203.496,2254.897,500.369,2755.266
1974 septiembre,341.18,180.658,521.838,379.862,901.7,213.859,138.301,352.16,290.799,642.959,2074.652,204.356,2279.008,429.691,2708.699
1974 octubre,484.835,150.688,635.523,357.081,992.604,281.762,125.696,407.458,297.858,705.316,2221.308,205.116,2426.424,486.057,2912.482
1974 noviembre,645.39,145.593,790.983,357.233,1148.216,353.427,121.79,475.217,298.828,774.045,2125.764,195.081,2320.845,478.658,2799.503
1974 diciembre,1016.87,172.346,1189.216,440.674,1629.89,526.565,125.082,651.647,319.823,971.47,2016.982,182.314,2199.296,466.161,2665.457
1975 enero,1145.426,185.31,1330.735,447.758,1778.493,546.765,130.382,677.146,315.037,992.183,2079.626,193.155,2272.782,466.715,2739.496
1975 febrero,1090.754,172.288,1263.042,376.242,1639.284,522.317,125.812,648.129,274.748,922.877,1644.884,188.899,1833.783,412.518,2246.301
1975 marzo,997.785,164.59,1162.376,396.88,1559.255,467.955,125.211,593.167,301.925,895.091,1767.041,189.596,1956.636,457.175,2413.811
1975 abril,865.717,153.565,1019.282,356.926,1376.209,421.169,121.517,542.687,282.438,825.124,1466.501,187.596,1654.097,436.022,2090.119
1975 mayo,526.079,140.895,666.974,359.745,1026.718,260.027,123.524,383.551,315.391,698.942,1547.577,190.51,1738.087,486.426,2224.513
1975 junio,368.304,157.068,525.373,397.712,923.084,204.983,136.279,341.262,345.072,686.334,1612.573,193.752,1806.324,490.597,2296.922
1975 julio,318.568,185.358,503.926,477.042,980.968,186.913,147.303,334.217,379.103,713.32,1723.033,192.642,1915.675,495.789,2411.464
1975 agosto,303.802,196.734,500.536,489.375,989.911,188.711,150.743,339.454,374.973,714.427,1775.06,200.67,1975.73,499.165,2474.895
1975 septiembre,341.999,186.703,528.702,381.782,910.485,206.459,147.349,353.808,301.308,655.116,1818.89,203.271,2022.16,415.66,2437.821
1975 octubre,443.56,147.585,591.145,350.724,941.869,247.362,131.093,378.455,311.533,689.988,2015.62,204.348,2219.968,485.617,2705.585
1975 noviembre,582.293,144.289,726.582,343.297,1069.879,306.117,127.717,433.834,303.869,737.704,1912.422,202.258,2114.68,481.221,2595.901
1975 diciembre,1006.009,172.349,1178.358,436.955,1615.313,500.577,130.895,631.473,331.857,963.329,2037.122,199.666,2236.788,506.211,2742.999
1976 enero,1303.69,206.4,1510.09,503.047,2013.137,637.624,140.492,778.115,342.413,1120.528,1952.491,199.948,2152.44,487.323,2639.763
1976 febrero,1100.921,186.256,1287.176,400.624,1687.801,547.418,134.901,682.319,290.162,972.481,1674.43,201.904,1876.335,434.283,2310.618
1976 marzo,895.893,161.372,1057.265,390.819,1448.084,444.843,130.827,575.671,316.845,892.515,1725.483,210.088,1935.571,508.802,2444.372
1976 abril,674.091,149.484,823.575,341.411,1164.986,338.629,126.527,465.156,288.979,754.135,1668.046,208.773,1876.819,476.821,2353.64
1976 mayo,522.575,140.852,663.427,338.845,1002.273,275.27,129.299,404.569,311.052,715.622,1786.425,212.892,1999.318,512.15,2511.468
1976 junio,403.688,151.433,555.121,392.585,947.705,225.495,138.5,363.995,359.056,723.051,1758.399,217.811,1976.209,564.668,2540.877
1976 julio,333.04,184.348,517.388,470.667,988.055,195.51,154.366,349.876,394.119,743.995,1869.786,216.617,2086.403,553.054,2639.456
1976 agosto,305.673,196.893,502.566,478.862,981.429,199.457,155.807,355.264,378.936,734.199,1881.599,221.825,2103.424,539.5,2642.924
1976 septiembre,336.311,183.467,519.779,386.681,906.46,208.28,152.945,361.225,322.351,683.576,1872.183,223.675,2095.858,471.425,2567.283
1976 octubre,484.198,153.526,637.724,362.883,1000.607,267.2,138.219,405.419,326.702,732.121,2160.842,222.598,2383.44,526.144,2909.584
1976 noviembre,827.672,160.318,987.99,394.493,1382.482,433.989,134.089,568.078,329.953,898.031,2086.874,219.082,2305.956,539.094,2845.049
1976 diciembre,1204.077,194.865,1398.942,486.32,1885.262,597.931,141.971,739.903,354.314,1094.217,2191.377,217.67,2409.047,543.233,2952.28
1977 enero,1488.04,224.365,1712.405,568.221,2280.626,700.204,149.26,849.464,378.012,1227.477,2000.874,213.508,2214.383,540.727,2755.11
1977 febrero,1244.153,210.993,1455.146,429.243,1884.389,586.869,142.5,729.368,289.9,1019.268,1585.719,209.651,1795.369,426.511,2221.88
1977 marzo,869.111,174.602,1043.713,409.332,1453.045,421.332,137.383,558.715,322.078,880.793,1847.703,220.074,2067.776,515.935,2583.711
1977 abril,630.341,152.406,782.747,347.937,1130.683,321.713,131.316,453.029,299.788,752.817,1736.779,220.2,1956.979,502.706,2459.685
1977 mayo,462.08,142.707,604.787,362.722,967.509,253.158,135.753,388.911,345.047,733.958,1872.16,227.74,2099.9,578.853,2678.753
1977 junio,365.119,166.262,531.382,420.734,952.115,220.028,147.255,367.283,372.634,739.917,1907.841,229.166,2137.007,579.913,2716.92
1977 julio,318.04,209.42,527.46,538.15,1065.61,202.907,162.743,365.651,418.205,783.855,1874.018,224.052,2098.07,575.75,2673.819
1977 agosto,311.161,213.905,525.066,520.554,1045.62,205.02,164.523,369.543,400.378,769.921,1974.493,230.058,2204.551,559.864,2764.415
1977 septiembre,330.422,196.633,527.055,430.944,957.999,209.442,160.061,369.503,350.793,720.296,2016.477,230.183,2246.659,504.473,2751.132
1977 octubre,470.296,167.261,637.557,374.788,1012.345,266.034,145.037,411.071,324.99,736.061,2107.344,230.514,2337.858,516.522,2854.379
1977 noviembre,647.249,154.364,801.612,376.153,1177.765,342.389,135.901,478.29,331.164,809.454,2072.347,225.141,2297.488,548.624,2846.113
1977 diciembre,1058.283,188.638,1246.921,483.583,1730.504,529.231,142.134,671.366,364.369,1035.735,2127.713,221.673,2349.386,568.27,2917.656
1978 enero,1232.305,224.871,1457.177,570.129,2027.305,594.992,152.16,747.152,385.78,1132.932,2108.872,224.793,2333.665,569.93,2903.595
1978 febrero,1236.943,220.344,1457.287,493.912,1951.199,601.511,148.882,750.394,333.727,1084.121,1751.218,209.705,1960.923,470.065,2430.987
1978 marzo,1038.126,200.561,1238.686,474.189,1712.875,525.259,144.019,669.278,340.507,1009.785,1757.718,212.134,1969.852,501.552,2471.404
1978 abril,675.086,161.715,836.801,374.113,1210.914,337.763,132.668,470.431,306.915,777.346,1788.792,217.996,2006.788,504.313,2511.101
1978 mayo,532.405,150.169,682.574,389.359,1071.934,281.076,134.694,415.77,349.236,765.006,1887.109,231.303,2118.411,599.724,2718.136
1978 junio,375.832,173.439,549.271,441.213,990.484,220.432,152.919,373.35,389.011,762.361,1813.446,237.595,2051.04,604.42,2655.46
1978 julio,325.162,210.681,535.843,537.063,1072.906,197.635,167.555,365.19,427.127,792.317,1928.49,232.03,2160.519,591.486,2752.005
1978 agosto,337.852,217.832,555.685,545.59,1101.275,210.276,169.731,380.007,425.115,805.122,1944.951,240.164,2185.115,601.522,2786.637
1978 septiembre,346.006,211.489,557.495,459.286,1016.781,212.651,168.115,380.766,365.091,745.857,1899.825,242.675,2142.5,527.012,2669.511
1978 octubre,470.243,174.38,644.624,395.333,1039.957,270.211,150.517,420.728,341.234,761.962,2095.778,243.136,2338.914,551.206,2890.12
1978 noviembre,673.031,161.115,834.145,391.527,1225.672,348.566,143.132,491.698,347.826,839.524,2081.597,237.823,2319.421,577.937,2897.358
1978 diciembre,1017.61,194.682,1212.292,494.931,1707.223,508.741,148.878,657.619,378.487,1036.106,2141.142,231.221,2372.363,587.823,2960.186
1979 enero,1264.667,238.632,1503.298,605.543,2108.841,654.397,159.851,814.248,405.631,1219.879,2195.377,233.121,2428.499,591.56,3020.059
1979 febrero,1261.839,231.477,1493.316,514.076,2007.392,647.859,156.237,804.095,346.979,1151.074,1833.442,230.76,2064.203,512.485,2576.688
1979 marzo,949.668,202.379,1152.047,463.584,1615.631,503.577,149.812,653.389,343.169,996.558,1921.047,238.1,2159.146,545.407,2704.553
1979 abril,685.282,170.87,856.151,386.488,1242.639,370.265,140.938,511.203,318.787,829.989,1786.702,238.649,2025.351,539.798,2565.148
1979 mayo,484.65,156.031,640.681,383.202,1023.883,272.45,142.604,415.054,350.226,765.28,1972.612,244.975,2217.587,601.643,2819.23
1979 junio,359.452,169.085,528.537,417.557,946.094,214.951,154.065,369.016,380.465,749.481,1919.676,245.388,2165.064,605.987,2771.051
1979 julio,314.195,199.964,514.159,510.609,1024.767,191.262,165.504,356.766,422.616,779.383,1948.712,242.197,2190.909,618.453,2809.363
1979 agosto,311.417,221.125,532.541,540.405,1072.946,195.268,171.581,366.849,419.325,786.174,2040.217,245.514,2285.73,600.009,2885.739
1979 septiembre,318.485,203.707,522.191,439.676,961.867,201.5,166.036,367.536,358.368,725.903,1970.157,242.3,2212.457,522.974,2735.431
1979 octubre,437.786,168.911,606.697,402.715,1009.412,262.234,152.589,414.823,363.801,778.625,2193.009,243.862,2436.871,581.413,3018.285
1979 noviembre,631.953,169.293,801.246,408.234,1209.48,360.091,145.433,505.524,350.697,856.22,2153.847,238.089,2391.936,574.129,2966.065
1979 diciembre,899.959,198.305,1098.265,489.907,1588.171,492.113,149.472,641.586,369.266,1010.851,2210.134,229.617,2439.752,567.262,3007.013
1980 enero,1063.204,224.649,1287.854,550.615,1838.468,562.333,156.679,719.012,384.02,1103.033,2146.786,230.419,2377.205,564.756,2941.961
1980 febrero,1075.443,220.122,1295.565,497.788,1793.352,557.517,154.999,712.515,350.517,1063.032,1876.835,233.749,2110.585,528.605,2639.19
1980 marzo,926.399,206.416,1132.815,482.325,1615.14,481.451,151.919,633.369,354.983,988.352,1945.219,235.721,2180.94,550.802,2731.743
1980 abril,640.924,176.568,817.491,394.736,1212.227,338.642,142.615,481.257,318.83,800.087,1726.173,231.702,1957.875,517.995,2475.87
1980 mayo,460.466,155.925,616.391,392.397,1008.788,249.923,142.149,392.072,357.729,749.801,1792.601,229.406,2022.007,577.317,2599.324
1980 junio,356.143,178.335,534.478,459.297,993.775,208.376,155.634,364.01,400.83,764.84,1709.852,227.713,1937.566,586.47,2524.036
1980 julio,296.382,234.101,530.482,621.848,1152.33,178.07,175.604,353.674,466.461,820.135,1694.535,223.592,1918.127,593.933,2512.059
1980 agosto,277.249,255.968,533.217,624.64,1157.857,172.546,183.406,355.953,447.566,803.519,1703.872,230.02,1933.892,561.318,2495.21
1980 septiembre,300.257,231.91,532.167,496.958,1029.125,193.379,178.485,371.864,382.473,754.337,1842.974,237.373,2080.347,508.664,2589.011
1980 octubre,433.995,184.296,618.291,420.038,1038.329,264.514,158.253,422.767,360.683,783.45,2038.169,236.837,2275.006,539.787,2814.793
1980 noviembre,644.357,172.439,816.796,416.117,1232.913,369.396,149.292,518.688,360.26,878.948,1975.232,230.696,2205.927,556.697,2762.624
1980 diciembre,964.382,207.364,1171.746,509.249,1680.995,529.27,157.056,686.326,385.7,1072.026,2095.912,233.78,2329.692,574.121,2903.813
1981 enero,1192.187,252.785,1444.971,587.354,2032.325,618.076,172.314,790.391,400.377,1190.768,1945.131,228.862,2173.993,531.768,2705.761
1981 febrero,1001.049,226.417,1227.466,465.612,1693.078,500.066,164.358,664.423,337.99,1002.414,1576.276,230.006,1806.283,472.993,2279.276
1981 marzo,796.785,196.737,993.522,456.311,1449.833,405.748,158.015,563.763,366.499,930.262,1809.264,234.029,2043.293,542.807,2586.1
1981 abril,535.409,173.718,709.127,398.033,1107.16,282.074,150.899,432.973,345.75,778.723,1631.372,232.488,1863.861,532.693,2396.553
1981 mayo,424.011,164.962,588.973,401.9,990.873,229.494,156.461,385.955,381.187,767.142,1753.945,234.453,1988.398,571.201,2559.599
1981 junio,316.953,191.636,508.588,490.627,999.215,186.775,173.214,359.989,443.463,803.452,1668.499,244.44,1912.939,625.816,2538.755
1981 julio,281.742,238.806,520.547,593.14,1113.688,168.205,190.542,358.746,473.263,832.009,1734.769,244.682,1979.451,607.736,2587.186
1981 agosto,276.109,239.86,515.969,559.541,1075.509,182.159,190.669,372.827,444.788,817.615,1764.165,245.698,2009.863,573.16,2583.022
1981 septiembre,286.684,208.466,495.15,444.467,939.617,184.251,183.811,368.062,391.9,759.962,1768.178,242.289,2010.466,516.579,2527.045
1981 octubre,452.926,180.797,633.724,412.611,1046.335,268.472,166.992,435.464,381.105,816.568,1890.957,235.955,2126.912,538.491,2665.403
1981 noviembre,598.64,177.305,775.945,410.229,1186.174,335.611,159.072,494.683,368.045,862.728,1784.713,225.743,2010.456,522.301,2532.756
1981 diciembre,881.812,212.879,1094.691,527.493,1622.184,476.41,166.894,643.304,413.546,1056.85,1941.158,218.791,2159.949,542.143,2702.091
1982 enero,1165.945,260.212,1426.157,632.487,2058.643,600.588,179.394,779.982,436.046,1216.027,1865.006,214.749,2079.754,521.981,2601.736
1982 febrero,1025.192,235.864,1261.056,496.835,1757.891,523.618,172.713,696.331,363.811,1060.142,1498.048,214.198,1712.246,451.197,2163.443
1982 marzo,850.443,206.419,1056.863,484.277,1541.14,446.83,166.135,612.965,389.767,1002.732,1634.263,220.061,1854.324,516.282,2370.606
1982 abril,683.342,187.379,870.721,425.889,1296.61,359.854,159.046,518.9,361.491,880.391,1517.049,214.01,1731.059,486.416,2217.476
1982 mayo,417.487,167.501,584.988,414.928,999.916,227.777,159.459,387.235,395.007,782.242,1470.765,213.182,1683.947,528.09,2212.037
1982 junio,323.654,184.53,508.183,451.943,960.126,178.244,173.048,351.292,423.822,775.114,1486.091,217.291,1703.382,532.179,2235.561
1982 julio,283.59,224.181,507.772,583.163,1090.934,165.295,187.595,352.891,487.991,840.882,1517.651,213.649,1731.301,555.766,2287.066
1982 agosto,277.113,238.519,515.632,572.341,1087.973,177.008,192,369.008,460.715,829.723,1569.883,216.001,1785.883,518.308,2304.191
1982 septiembre,323.867,215.137,539.004,471.526,1010.53,202.741,187.632,390.373,411.242,801.615,1534.266,204.652,1738.918,448.546,2187.465
1982 octubre,406.525,179.6,586.126,415.936,1002.061,231.142,169.512,400.654,392.572,793.227,1674.457,207.553,1882.01,480.672,2362.682
1982 noviembre,567.522,177.887,745.409,427.24,1172.649,310.526,161.813,472.339,388.636,860.975,1651.59,206.941,1858.53,497.021,2355.552
1982 diciembre,822.372,211.892,1034.264,515.116,1549.38,441.024,168.702,609.726,410.118,1019.844,1579.651,199.48,1779.131,484.94,2264.071
1983 enero,1126.919,238.726,1365.646,570.891,1936.537,581.943,173.791,755.734,415.605,1171.338,1617.485,197.685,1815.17,472.744,2287.913
1983 febrero,906.205,221.912,1128.117,464.948,1593.065,476.219,167.44,643.659,350.818,994.477,1481.891,201.417,1683.308,422.007,2105.315
1983 marzo,822.105,201.007,1023.112,479.021,1502.133,436.145,164.087,600.232,391.037,991.269,1565.461,205.612,1771.073,489.996,2261.069
1983 abril,658.629,192.041,850.67,430.261,1280.932,359.534,159.285,518.819,356.872,875.691,1506.174,206.591,1712.764,462.86,2175.624
1983 mayo,446.742,169.471,616.214,413.474,1029.688,241.987,157.747,399.734,384.87,784.604,1525.442,214.031,1739.473,522.19,2261.663
1983 junio,324.786,184.719,509.505,457.613,967.119,191.832,174.1,365.933,431.307,797.24,1483.512,225.711,1709.223,559.164,2268.387
1983 julio,280.856,238.72,519.576,606.139,1125.715,180.519,196.026,376.544,497.733,874.277,1510.724,226.639,1737.363,575.463,2312.825
1983 agosto,280.232,267.413,547.646,651.938,1199.584,190.214,204.073,394.288,497.519,891.807,1547.965,237.514,1785.479,579.045,2364.524
1983 septiembre,281.535,249.749,531.285,509.046,1040.331,190.344,200.572,390.916,408.812,799.728,1530.454,237.537,1767.991,484.156,2252.147
1983 octubre,357.347,188.935,546.283,424.353,970.636,227.232,176.431,403.663,396.267,799.93,1549.425,235.168,1784.593,528.193,2312.786
1983 noviembre,521.056,183.237,704.293,430.631,1134.923,308.66,166.923,475.583,392.291,867.875,1579.903,230.46,1810.363,541.612,2351.975
1983 diciembre,827.164,226.305,1053.469,589.329,1642.798,456.209,175.962,632.171,458.229,1090.4,1593.219,229.346,1822.565,597.248,2419.813
1984 enero,1217.642,285.095,1502.737,644.448,2147.184,631.1,193.909,825.009,438.326,1263.335,1879.638,226.865,2106.503,512.823,2619.326
1984 febrero,944.75,238.964,1183.714,501.797,1685.511,492.925,181.744,674.669,381.641,1056.309,1691.959,229.37,1921.329,481.65,2402.98
1984 marzo,878.47,217.874,1096.344,505.977,1602.321,464.696,178.814,643.511,415.267,1058.777,1763.451,236.985,2000.436,550.359,2550.795
1984 abril,680.173,192.949,873.121,421.001,1294.122,365.337,169.417,534.754,369.656,904.41,1704.828,234.822,1939.649,512.365,2452.014
1984 mayo,479.534,183.181,662.715,439.974,1102.688,263.224,173.934,437.158,417.764,854.923,1700.732,240.69,1941.422,578.102,2519.525
1984 junio,337.586,205.208,542.795,498.707,1041.502,194.272,192.689,386.96,468.281,855.241,1609.118,248.386,1857.504,603.64,2461.144
1984 julio,298.467,243.079,541.546,577.961,1119.507,187.1,209.036,396.136,497.017,893.153,1633.011,244.326,1877.337,580.926,2458.263
1984 agosto,298.541,250.329,548.87,605.998,1154.869,198.508,208.219,406.727,504.057,910.784,1658.95,253.478,1912.427,613.62,2526.047
1984 septiembre,312.717,230.88,543.597,475.056,1018.654,206.296,204.602,410.898,420.987,831.885,1578.053,242.394,1820.447,498.747,2319.194
1984 octubre,376.911,191.551,568.461,432.25,1000.712,233.577,187.961,421.538,424.15,845.688,1658.822,241.271,1900.093,544.448,2444.541
1984 noviembre,556.191,193.531,749.722,445.913,1195.634,319.034,181.025,500.06,417.099,917.159,1595.335,233.595,1828.93,538.225,2367.155
1984 diciembre,831.298,229.032,1060.329,532.215,1592.544,445.141,183.124,628.265,425.537,1053.802,1638.547,226.515,1865.061,526.366,2391.427
1985 enero,1061.433,264.533,1325.966,650.238,1976.204,523.697,192.761,716.458,473.817,1190.275,1756.587,232.757,1989.345,572.131,2561.476
1985 febrero,1120.769,267.169,1387.938,541.001,1928.938,551.42,191.239,742.658,387.247,1129.905,1619.146,230.553,1849.699,466.857,2316.556
1985 marzo,816.543,219.119,1035.662,487.904,1523.566,410.668,181.243,591.912,403.569,995.481,1627.911,233.512,1861.423,519.954,2381.377
1985 abril,598.168,191.873,790.041,415.233,1205.273,302.658,179.096,481.754,387.582,869.335,1600.734,237.004,1837.738,512.901,2350.639
1985 mayo,395.278,180.97,576.248,431.022,1007.27,209.974,185.011,394.986,440.647,835.633,1609.645,242.873,1852.518,578.458,2430.975
1985 junio,327.17,207.718,534.888,488.773,1023.661,174.55,197.762,372.312,465.345,837.657,1543.721,242.702,1786.423,571.091,2357.514
1985 julio,301.608,243.042,544.651,590.794,1135.445,175.012,214.361,389.373,521.075,910.448,1589.939,241.556,1831.495,587.181,2418.675
1985 agosto,301.992,252.381,554.373,589.199,1143.572,178.757,217.936,396.693,508.785,905.478,1610.371,247.244,1857.616,577.208,2434.823
1985 septiembre,312.758,243.375,556.134,496.305,1052.439,186.536,214.218,400.754,436.845,837.599,1528.625,244.963,1773.588,499.543,2273.131
1985 octubre,404.569,196.976,601.545,444.212,1045.758,230.132,192.704,422.836,434.579,857.415,1627.749,239.471,1867.221,540.046,2407.266
1985 noviembre,543.231,194.507,737.737,448.391,1186.129,296.679,186.661,483.341,430.306,913.646,1550.619,232.567,1783.186,536.131,2319.316
1985 diciembre,969.107,247.239,1216.347,597.55,1813.897,493.705,198.291,691.996,479.247,1171.243,1717.45,229.863,1947.314,555.554,2502.868
1986 enero,1096.939,282.854,1379.792,619.43,1999.223,560.441,203.972,764.412,446.684,1211.096,1797.331,229.286,2026.617,502.12,2528.737
1986 febrero,959.474,242.498,1201.972,497.19,1699.162,498.131,192.938,691.07,395.577,1086.647,1628.191,229.189,1857.38,469.902,2327.281
1986 marzo,835.4,223.252,1058.652,489.698,1548.351,427.095,185.39,612.484,406.648,1019.133,1717.055,234.958,1952.014,515.375,2467.389
1986 abril,564.726,193.616,758.342,424.062,1182.404,298.029,180.058,478.086,394.365,872.451,1591.414,234.133,1825.547,512.802,2338.349
1986 mayo,423.511,185.477,608.987,442.089,1051.076,227.78,187.323,415.103,446.489,861.592,1613.26,238.666,1851.926,568.866,2420.792
1986 junio,315.692,218.702,534.394,513.992,1048.386,179.797,215.242,395.039,505.861,900.9,1531.846,238.305,1770.151,560.064,2330.215
1986 julio,294.348,274.685,569.033,668.215,1237.247,174.993,230.861,405.854,561.607,967.461,1492.621,241.252,1733.872,586.883,2320.755
1986 agosto,294.801,274.887,569.687,606.22,1175.908,180.574,227.98,408.553,502.774,911.327,1529.352,240.984,1770.337,531.454,2301.79
1986 septiembre,302.018,234.276,536.294,501.127,1037.421,180.749,218.199,398.948,466.737,865.685,1479.292,243.295,1722.587,520.419,2243.006
1986 octubre,390.975,214.904,605.88,463.921,1069.8,225.434,202.802,428.237,437.796,866.033,1541.605,243.611,1785.216,525.892,2311.108
1986 noviembre,564.304,200.256,764.56,469.522,1234.082,300.29,190.165,490.455,445.863,936.318,1489.316,228.721,1718.037,536.263,2254.3
1986 diciembre,865.612,249.322,1114.934,573.298,1688.232,439.975,203.699,643.675,468.391,1112.065,1618.274,231.369,1849.643,532.015,2381.658
1987 enero,1034.087,280.498,1314.584,638.051,1952.635,531.881,206.726,738.607,470.242,1208.848,1844.596,227.011,2071.607,516.385,2587.993
1987 febrero,942.036,250.794,1192.83,504.617,1697.446,491.511,198.164,689.675,398.721,1088.396,1645.225,226.079,1871.304,454.889,2326.193
1987 marzo,830.043,230.081,1060.125,506.467,1566.591,433.641,194.517,628.158,428.18,1056.338,1619.769,234.893,1854.662,517.059,2371.721
1987 abril,603.738,204.96,808.698,441.365,1250.063,318.468,188.774,507.242,406.509,913.751,1628.227,235.443,1863.67,507.007,2370.677
1987 mayo,403.212,199.785,602.997,469.573,1072.57,223.59,201.992,425.582,474.76,900.342,1587.153,242.193,1829.346,569.248,2398.593
1987 junio,313.497,235.167,548.664,550.134,1098.797,181.134,222.241,403.376,519.896,923.272,1606.032,250.696,1856.728,586.462,2443.19
1987 julio,297.013,286.026,583.039,668.715,1251.754,183.712,240.418,424.13,562.085,986.216,1654.975,254.577,1909.551,595.187,2504.738
1987 agosto,283.891,301.084,584.975,672.692,1257.667,175.049,242.948,417.997,542.804,960.801,1626.652,258.164,1884.816,576.799,2461.615
1987 septiembre,306.302,250.81,557.112,507.72,1064.832,197.385,228.848,426.233,463.263,889.496,1615.314,257.813,1873.127,521.896,2395.023
1987 octubre,449.573,207.808,657.382,444.89,1102.272,260.788,210.469,471.257,450.586,921.843,1687.405,253.405,1940.81,542.507,2483.317
1987 noviembre,587.143,204.938,792.081,456.037,1248.118,323.664,197.664,521.327,439.848,961.175,1614.928,245.517,1860.445,546.333,2406.779
1987 diciembre,874.267,249.649,1123.916,578.236,1702.152,453.839,205.995,659.834,477.126,1136.96,1776.356,242.5,2018.855,561.678,2580.533
1988 enero,1169.925,305.654,1475.579,679.068,2154.647,577.087,220.937,798.025,490.854,1288.879,1759.979,242.417,2002.397,538.576,2540.973
1988 febrero,1036.19,273.98,1310.17,564.267,1874.437,529.505,213.546,743.051,439.801,1182.852,1731.537,245.015,1976.552,504.612,2481.164
1988 marzo,863.14,243.841,1106.98,531.789,1638.77,449.381,207.362,656.743,452.234,1108.977,1841.649,247.532,2089.181,539.841,2629.022
1988 abril,609.177,209.635,818.812,445.725,1264.537,323.886,201.171,525.057,427.73,952.787,1627.252,245.165,1872.417,521.269,2393.686
1988 mayo,449.797,196.59,646.387,456.344,1102.731,247.315,203.542,450.857,472.483,923.34,1684.525,251.954,1936.479,584.86,2521.339
1988 junio,322.275,234.854,557.128,553.039,1110.167,199.939,230.155,430.095,541.975,972.07,1663.817,260.398,1924.215,613.191,2537.406
1988 julio,305.236,297.115,602.351,695.999,1298.35,202.47,251.366,453.836,588.83,1042.665,1666.999,260.566,1927.565,610.382,2537.947
1988 agosto,300.467,321.701,622.168,735.637,1357.804,209.104,259.685,468.789,593.825,1062.614,1770.992,271.858,2042.85,621.66,2664.51
1988 septiembre,310.421,264.754,575.175,525.878,1101.053,201.787,241.115,442.902,478.923,921.825,1703.077,264.901,1967.977,526.169,2494.147
1988 octubre,449.246,217.733,666.979,463.494,1130.472,258.139,220.659,478.797,469.722,948.519,1800.359,261.442,2061.801,556.538,2618.339
1988 noviembre,626.228,217.282,843.51,477.688,1321.197,336.623,207.649,544.272,456.511,1000.783,1740.549,253.199,1993.748,556.651,2550.398
1988 diciembre,915.548,263.322,1178.87,601.143,1780.013,458.935,217.92,676.855,497.496,1174.351,1820.932,254.405,2075.338,580.788,2656.126
1989 enero,1049.034,290.773,1339.807,647.035,1986.843,516.069,223.368,739.437,497.043,1236.48,1776.531,254.305,2030.836,565.885,2596.721
1989 febrero,1011.179,267.131,1278.31,587.929,1866.239,504.86,215.613,720.473,474.543,1195.017,1664.865,249.48,1914.346,549.081,2463.426
1989 marzo,917.257,263.909,1181.167,598.242,1779.409,470.01,220.034,690.044,498.783,1188.827,1815.395,253.82,2069.215,575.372,2644.587
1989 abril,630.575,221.127,851.702,489.476,1341.178,334.224,211.134,545.358,467.357,1012.715,1683.237,255.44,1938.677,565.43,2504.107
1989 mayo,452.349,208.856,661.205,507.811,1169.016,248.81,215.879,464.689,524.887,989.576,1690.456,262.925,1953.381,639.273,2592.654
1989 junio,339.729,244.974,584.703,576.649,1161.353,208.185,239.742,447.927,564.332,1012.259,1698.653,270.632,1969.285,637.046,2606.331
1989 julio,307.04,292.551,599.592,706.877,1306.469,196.552,256.513,453.065,619.8,1072.865,1680.96,269.378,1950.338,650.884,2601.222
1989 agosto,315.708,294.423,610.131,694.41,1304.54,207.849,258.478,466.328,609.633,1075.961,1758.091,276.975,2035.065,653.257,2688.322
1989 septiembre,331.322,269.069,600.39,565.187,1165.577,206.053,248.707,454.76,522.416,977.176,1695.855,272.22,1968.074,571.805,2539.88
1989 octubre,445.034,222.625,667.659,506.872,1174.531,251.049,226.86,477.909,516.514,994.423,1800.145,270.774,2070.919,616.495,2687.414
1989 noviembre,650.464,221.628,872.091,517.005,1389.096,347.512,217.23,564.742,506.747,1071.49,1756.258,261.797,2018.055,610.711,2628.766
1989 diciembre,1122.782,292.583,1415.365,731.242,2146.607,555.17,233.082,788.252,582.533,1370.785,1815.412,260.602,2076.014,651.314,2727.328
1990 enero,1019.259,325.686,1344.946,694.158,2039.103,527.168,238.267,765.435,507.835,1273.27,1826.556,256.567,2083.123,546.839,2629.962
1990 febrero,852.315,254.358,1106.673,551.777,1658.451,452.436,217.921,670.357,472.734,1143.092,1643.056,254.563,1897.619,552.222,2449.841
1990 marzo,749.89,245.477,995.367,573.467,1568.834,412.798,221.59,634.387,517.662,1152.05,1785.959,262.222,2048.181,612.584,2660.765
1990 abril,571.686,222.557,794.243,504.515,1298.758,335.353,215.997,551.35,489.644,1040.994,1760.483,260.205,2020.689,589.859,2610.548
1990 mayo,405.317,214.63,619.947,517.26,1137.206,249.2,225.694,474.894,543.926,1018.82,1752.465,268.793,2021.258,647.794,2669.052
1990 junio,307.172,252.025,559.197,625.776,1184.973,215.407,245.798,461.206,610.315,1071.521,1683.102,275.268,1958.37,683.489,2641.859
1990 julio,272.311,309.945,582.256,736.985,1319.241,216.391,269.965,486.356,641.921,1128.277,1747.049,276.798,2023.847,658.168,2682.015
1990 agosto,278.475,301.963,580.438,726.097,1306.535,215.471,269.857,485.328,648.895,1134.222,1844.52,286.746,2131.266,689.506,2820.772
1990 septiembre,286.261,293.992,580.253,619.048,1199.3,216.832,262.388,479.22,552.501,1031.721,1754.287,278.412,2032.699,586.241,2618.941
1990 octubre,385.055,237.483,622.538,528.721,1151.258,253.535,240.079,493.614,534.501,1028.115,1830.2,279.58,2109.78,622.444,2732.224
1990 noviembre,565.086,226.778,791.865,504.363,1296.228,335.524,223.236,558.76,496.484,1055.244,1730.21,264.962,1995.173,589.285,2584.458
1990 diciembre,860.83,267.857,1128.687,643.754,1772.441,463.833,229.361,693.195,551.236,1244.43,1762.005,262.003,2024.008,629.686,2653.693
1991 enero,1105.406,320.418,1425.824,735.453,2161.278,574.48,241.193,815.672,553.607,1369.28,1866.522,260.215,2126.736,597.268,2724.004
1991 febrero,871.428,271.178,1142.607,558.423,1701.03,470.998,223.441,694.439,460.121,1154.56,1577.644,252.02,1829.664,518.971,2348.635
1991 marzo,779.406,252.126,1031.532,581.859,1613.391,421.103,222.103,643.205,512.571,1155.776,1661.798,255.457,1917.255,589.547,2506.802
1991 abril,544.552,224.902,769.454,501.592,1271.046,319.591,219.131,538.722,488.721,1027.443,1615.469,258.828,1874.297,577.256,2451.553
1991 mayo,382.78,229.568,612.349,561.7,1174.049,240.557,236.197,476.753,577.918,1054.671,1628.132,274.315,1902.447,671.184,2573.631
1991 junio,292.128,276.08,568.207,646.405,1214.612,203.085,258.966,462.051,606.335,1068.386,1634.462,275.453,1909.915,644.938,2554.853
1991 julio,274.458,322.44,596.898,773.9,1370.797,214.859,273.4,488.259,656.197,1144.455,1720.776,279.322,2000.099,670.411,2670.51
1991 agosto,265.22,316.958,582.178,740.728,1322.906,200.626,275.411,476.037,643.633,1119.671,1773.88,287.095,2060.975,670.939,2731.914
1991 septiembre,280.798,288.264,569.062,598.829,1167.891,203.771,264.035,467.806,548.496,1016.302,1813.477,280.234,2093.711,582.148,2675.859
1991 octubre,396.624,236.279,632.903,525.605,1158.509,259.507,240.744,500.251,535.537,1035.788,1860.35,277.642,2137.993,617.618,2755.611
1991 noviembre,659.526,242.038,901.564,546.729,1448.293,359.384,228.856,588.24,516.953,1105.193,1783.044,267.273,2050.317,603.732,2654.049
1991 diciembre,895.254,279.632,1174.886,640.879,1815.765,478.168,234.616,712.785,537.709,1250.494,1831.699,261.888,2093.586,600.211,2693.797
1992 enero,1042.786,312.182,1354.968,710.213,2065.181,540.649,237.261,777.91,539.767,1317.677,1892.96,263.9,2156.86,600.372,2757.231
1992 febrero,913.852,280.428,1194.28,584.988,1779.268,476.906,227.837,704.742,475.28,1180.022,1721.537,262.36,1983.896,547.297,2531.193
1992 marzo,789.909,251.751,1041.66,570.37,1612.03,421.892,226.92,648.813,514.114,1162.927,1813.59,270.711,2084.301,613.328,2697.629
1992 abril,614.533,233.589,848.122,511.468,1359.59,346.5,221.54,568.039,485.085,1053.124,1741.703,266.814,2008.516,584.217,2592.734
1992 mayo,409.088,221.075,630.163,508.39,1138.553,251.773,230.997,482.77,531.209,1013.979,1740.992,275.695,2016.687,633.998,2650.685
1992 junio,310.112,241.873,551.985,570.974,1122.959,204.832,247.244,452.076,583.653,1035.729,1759.536,285.009,2044.545,672.803,2717.347
1992 julio,281.557,302.609,584.165,726.408,1310.574,203.95,270.033,473.983,648.211,1122.194,1817.65,289.462,2107.112,694.85,2801.962
1992 agosto,268.044,301.724,569.768,686.316,1256.084,200.941,267.782,468.722,609.109,1077.831,1822.01,292.275,2114.285,664.823,2779.108
1992 septiembre,303.655,271.462,575.117,587.619,1162.735,214.181,259.963,474.144,562.727,1036.871,1771.29,285.981,2057.27,619.047,2676.317
1992 octubre,416.925,238.771,655.697,515.432,1171.129,257.142,242.646,499.788,523.796,1023.584,1883.492,284.246,2167.739,613.598,2781.337
1992 noviembre,635.285,239.221,874.505,542.464,1416.97,358.793,228.559,587.353,518.288,1105.641,1842.776,276.489,2119.265,626.974,2746.239
1992 diciembre,964.67,298.739,1263.409,698.486,1961.895,513.671,239.442,753.113,559.844,1312.958,1891.602,265.958,2157.56,621.841,2779.401
1993 enero,1068.71,319.969,1388.679,728.363,2117.041,533.118,244.958,778.077,557.612,1335.689,1810.704,263.689,2074.393,600.25,2674.642
1993 febrero,995.481,284.594,1280.075,610.511,1890.586,514.402,232.765,747.167,499.327,1246.495,1744.934,260.896,2005.83,559.673,2565.502
1993 marzo,931.355,283.389,1214.744,636.85,1851.594,485.489,238.058,723.547,534.979,1258.526,1895.672,271.128,2166.8,609.296,2776.095
1993 abril,632.346,237.805,870.152,514.384,1384.536,350.057,228.113,578.17,493.418,1071.588,1733.709,269.219,2002.928,582.334,2585.262
1993 mayo,387.146,217.95,605.096,509.172,1114.268,232.468,234.762,467.23,548.449,1015.679,1666.893,278.113,1945.006,649.725,2594.732
1993 junio,309.46,261.311,570.771,625.984,1196.755,204.267,259.564,463.831,621.8,1085.631,1712.025,287.589,1999.614,688.934,2688.548
1993 julio,277.085,344.84,621.924,827.601,1449.525,199.038,286.477,485.515,687.533,1173.048,1766.858,289.229,2056.086,694.137,2750.223
1993 agosto,275.486,348.783,624.269,814.717,1438.986,194.991,289.956,484.947,677.305,1162.252,1808.924,294.119,2103.043,687.028,2790.07
1993 septiembre,291.183,303.396,594.579,621.701,1216.28,196.609,273.407,470.017,560.251,1030.268,1819.193,283.922,2103.116,581.797,2684.913
1993 octubre,400.698,244.846,645.544,535.936,1181.48,239.633,250.109,489.742,547.457,1037.199,1937.204,282.697,2219.901,618.787,2838.688
1993 noviembre,638.638,248.109,886.747,566.868,1453.616,344.581,234.322,578.903,535.369,1114.271,1895.002,276.923,2171.925,632.701,2804.625
1993 diciembre,933.702,299.201,1232.903,686.544,1919.447,475.714,246.262,721.977,565.071,1287.048,1893.324,276.562,2169.886,634.597,2804.483
1994 enero,1216.717,354.089,1570.805,796.963,2367.769,611.87,256.533,868.403,577.39,1445.793,2005.811,274.574,2280.385,617.995,2898.38
1994 febrero,1073.82,305.954,1379.774,625.345,2005.119,556.499,241.62,798.119,493.852,1291.972,1842.848,266.004,2108.852,543.692,2652.544
1994 marzo,839.968,272.689,1112.657,609.164,1721.821,456.055,241.292,697.347,539.025,1236.372,1866.332,275.487,2141.819,615.413,2757.232
1994 abril,554.184,237.141,791.325,517.654,1308.979,320.666,236.71,557.377,516.714,1074.091,1797.151,275.701,2072.852,601.827,2674.68
1994 mayo,398.731,229.183,627.914,536.14,1164.055,242.952,241.7,484.652,565.421,1050.072,1756.214,285.426,2041.639,667.711,2709.35
1994 junio,288.894,286.919,575.813,691.027,1266.84,208.167,277.415,485.582,668.138,1153.72,1782.703,296.482,2079.185,714.059,2793.244
1994 julio,256.988,353.489,610.477,811.878,1422.355,201.935,297.189,499.123,682.569,1181.693,1831.689,296.358,2128.047,680.662,2808.709
1994 agosto,261.634,330.087,591.721,760.931,1352.653,197.52,293.058,490.578,675.57,1166.148,1872.662,306.272,2178.935,706.033,2884.968
1994 septiembre,269.662,291.21,560.872,601.534,1162.406,192.465,278.061,470.526,574.373,1044.899,1857.274,298.925,2156.199,617.47,2773.669
1994 octubre,380.844,244.647,625.491,535.136,1160.627,241.73,257,498.731,562.158,1060.889,1934.645,294.495,2229.14,644.172,2873.312
1994 noviembre,572.484,242.559,815.043,544.291,1359.334,328.396,242.952,571.348,545.173,1116.521,1847.624,286.02,2133.644,641.817,2775.461
1994 diciembre,863.656,292.973,1156.629,659.879,1816.508,458.4,251.987,710.387,567.564,1277.95,1939.395,283.488,2222.883,638.516,2861.399
1995 enero,1048.848,329.506,1378.354,729.313,2107.667,542.349,261.048,803.396,577.79,1381.186,1904.337,279.051,2183.389,617.638,2801.027
1995 febrero,978.568,295.858,1274.425,610.959,1885.385,523.961,248.134,772.095,512.408,1284.503,1799.349,270.587,2069.936,558.775,2628.711
1995 marzo,799.454,271.169,1070.623,601.101,1671.724,440.706,251.286,691.992,557.025,1249.016,1878.412,282.998,2161.41,627.322,2788.732
1995 abril,591.206,233.974,825.18,514.256,1339.436,342.037,242.374,584.411,532.72,1117.13,1838.316,279.327,2117.642,613.939,2731.581
1995 mayo,407.996,239.119,647.116,561.847,1208.962,256.637,252.594,509.231,593.509,1102.74,1853.301,290.318,2143.619,682.146,2825.765
1995 junio,291.235,287.351,578.586,662.247,1240.833,202.539,282.417,484.956,650.875,1135.831,1830.369,298.903,2129.271,688.869,2818.141
1995 julio,255.484,354.918,610.402,868.313,1478.715,195.425,308.501,503.926,754.753,1258.679,1882.118,295.738,2177.856,723.527,2901.383
1995 agosto,242.506,392.05,634.556,940.991,1575.547,199.085,318.44,517.525,764.314,1281.839,1945.222,308.171,2253.393,739.666,2993.059
1995 septiembre,265.657,320.387,586.044,662.054,1248.099,202.176,292.093,494.269,603.587,1097.856,1912.497,293.52,2206.017,606.535,2812.551
1995 octubre,366.668,254.891,621.559,563.815,1185.374,246.815,273.05,519.865,603.982,1123.846,1942.992,293.094,2236.086,648.319,2884.404
1995 noviembre,683.068,262.473,945.541,589.238,1534.78,397.537,257.412,654.949,577.876,1232.826,1906.54,282.175,2188.715,633.468,2822.183
1995 diciembre,1004.271,315.317,1319.588,726.882,2046.469,551.362,264.687,816.049,610.166,1426.215,1964.62,281.428,2246.048,648.759,2894.808
1996 enero,1204.23,370.613,1574.843,817.05,2391.893,609.6,273.851,883.452,603.73,1487.182,2005.168,282.812,2287.981,623.485,2911.466
1996 febrero,1077.624,327.953,1405.577,689.397,2094.974,562.06,262.998,825.058,552.854,1377.912,1854.931,281.505,2136.437,591.758,2728.195
1996 marzo,932.849,296.981,1229.83,658.393,1888.223,494.542,261.745,756.287,580.277,1336.565,1989.79,289.636,2279.426,642.111,2921.537
1996 abril,649.341,254.585,903.926,554.673,1458.599,371.606,249.653,621.259,543.927,1165.186,1848.399,280.366,2128.765,610.841,2739.606
1996 mayo,418.598,254.326,672.925,622.362,1295.287,256.987,266.404,523.392,651.918,1175.31,1881.716,295.661,2177.377,723.513,2900.89
1996 junio,294.46,310.311,604.771,727.186,1331.957,203.7,293.523,497.223,687.847,1185.07,1907.302,302.009,2209.311,707.732,2917.043
1996 julio,250.511,362.1,612.611,863.33,1475.941,194.904,309.905,504.809,738.885,1243.694,1919.357,302.286,2221.643,720.719,2942.362
1996 agosto,247.704,360.162,607.866,840.338,1448.203,192.861,317.629,510.49,741.099,1251.589,1985.688,309.776,2295.463,722.776,3018.239
1996 septiembre,275.301,312.49,587.791,659.334,1247.125,196.42,298.883,495.303,630.626,1125.929,1885.459,301.557,2187.015,636.266,2823.281
1996 octubre,410.345,257.194,667.539,574.509,1242.048,257.462,275.711,533.173,615.871,1149.043,2103.686,302.425,2406.11,675.543,3081.654
1996 noviembre,721.355,267.006,988.361,609.635,1597.996,402.085,262.755,664.84,599.929,1264.769,1979.161,290.464,2269.626,663.196,2932.821
1996 diciembre,982.86,319.81,1302.67,722.188,2024.858,531.449,270.911,802.36,611.765,1414.124,1982.486,288.253,2270.739,650.928,2921.667
1997 enero,1169.188,362.139,1531.327,794.836,2326.163,606.472,289.11,895.582,634.549,1530.131,2061.398,286.561,2347.96,628.955,2976.915
1997 febrero,968.586,307.935,1276.521,619.909,1896.43,526.291,267.482,793.774,538.473,1332.247,1849.609,278.898,2128.507,561.454,2689.961
1997 marzo,802.626,277.81,1080.436,626.985,1707.421,459.145,267.84,726.985,604.484,1331.469,1962.835,284.062,2246.897,641.095,2887.991
1997 abril,603.585,248.198,851.783,541.043,1392.826,358.047,263.849,621.896,575.16,1197.057,1955.321,287.649,2242.97,627.042,2870.012
1997 mayo,424.499,241.496,665.994,570.45,1236.444,279.605,269.826,549.431,637.371,1186.803,1945.439,295.238,2240.677,697.398,2938.075
1997 junio,291.128,285.191,576.319,675.504,1251.823,226.678,300.838,527.516,712.566,1240.082,1893.651,304.555,2198.206,721.369,2919.575
1997 julio,252.881,373.038,625.918,910.39,1536.308,219.115,333.822,552.937,814.685,1367.622,1971.965,302.479,2274.444,738.193,3012.637
1997 agosto,245.299,364.98,610.279,853.763,1464.042,213.54,325.835,539.375,762.195,1301.571,1980.192,312.075,2292.267,730.007,3022.274
1997 septiembre,258.731,323.463,582.194,698.143,1280.337,214.356,318.303,532.659,687.006,1219.665,1928.831,307.693,2236.524,664.106,2900.63
1997 octubre,384.314,287.024,671.337,619.611,1290.949,268.261,304.362,572.623,657.041,1229.664,2074.753,304.017,2378.77,656.296,3035.066
1997 noviembre,676.345,272.938,949.283,605.173,1554.456,395.844,275.737,671.582,611.381,1282.962,1950.835,291.215,2242.05,645.698,2887.748
1997 diciembre,954.113,326.692,1280.806,744.939,2025.745,528.312,285.842,814.155,651.791,1465.945,2046.212,287.886,2334.098,656.451,2990.549
1998 enero,1033.182,349.869,1383.051,767.46,2150.511,560.594,290.779,851.373,637.843,1489.216,2015.142,282.945,2298.087,620.659,2918.747
1998 febrero,884.292,295.328,1179.62,608.239,1787.859,489.984,270.826,760.81,557.775,1318.585,1808.332,283.05,2091.382,582.952,2674.334
1998 marzo,844.357,293.384,1137.741,667.442,1805.183,465.941,281.204,747.145,639.732,1386.877,1940.609,289.62,2230.229,658.879,2889.108
1998 abril,559.432,253.153,812.585,551.354,1363.939,336.544,273.999,610.544,596.755,1207.299,1887.578,288.889,2176.467,629.183,2805.65
1998 mayo,362.952,264.492,627.444,651.119,1278.563,248.592,293.676,542.268,722.963,1265.231,1877.458,306.029,2183.487,753.374,2936.861
1998 junio,276.806,335.893,612.699,812.965,1425.664,207.892,324.057,531.95,784.32,1316.27,1823.27,307.596,2130.866,744.479,2875.346
1998 julio,248.546,414.463,663.009,998.829,1661.838,211.285,349.65,560.934,842.633,1403.567,1954.758,304.17,2258.928,733.029,2991.957
1998 agosto,236.964,410.353,647.317,950.738,1598.055,213.81,356.008,569.818,824.827,1394.645,1991.591,319.356,2310.947,739.909,3050.856
1998 septiembre,233.304,363.859,597.162,782.255,1379.417,203.446,341.811,545.257,734.855,1280.113,1911.196,306.433,2217.629,658.795,2876.424
1998 octubre,348.011,296.24,644.251,631.406,1275.657,250.712,309.603,560.315,659.888,1220.202,1997.596,301.349,2298.944,642.295,2941.24
1998 noviembre,560.881,262.785,823.666,557.114,1380.78,346.641,290.124,636.765,615.073,1251.838,1885.006,298.696,2183.702,633.247,2816.949
1998 diciembre,822.855,316.113,1138.969,713.737,1852.705,469.589,296.252,765.841,668.893,1434.735,2021.286,298.571,2319.857,674.13,2993.987
1999 enero,1170.283,379.481,1549.763,854.828,2404.592,597.275,302.799,900.074,682.094,1582.168,1942.506,283.715,2226.221,639.104,2865.325
1999 febrero,913.019,295.838,1208.857,647.814,1856.671,508.794,281.83,790.625,617.141,1407.766,1749.238,277.902,2027.14,608.539,2635.679
1999 marzo,889.222,305.203,1194.424,707.077,1901.501,489.966,290.401,780.367,672.786,1453.153,1880.381,292.757,2173.138,678.243,2851.381
1999 abril,579.64,263.696,843.337,609.077,1452.413,338.887,284.198,623.085,656.431,1279.516,1844.734,292.799,2137.533,676.296,2813.829
1999 mayo,369.834,263.242,633.076,645.57,1278.647,244.105,297.852,541.956,730.447,1272.403,1829.814,305.356,2135.17,748.852,2884.022
1999 junio,279.49,327.263,606.753,783.102,1389.855,208.272,331.501,539.773,793.242,1333.015,1853.539,311.262,2164.801,744.814,2909.615
1999 julio,244.032,420.104,664.136,1021.615,1685.751,197.234,367.677,564.911,894.123,1459.034,1894.558,317.148,2211.706,771.245,2982.951
1999 agosto,238.435,422.951,661.385,988.528,1649.913,202.592,360.416,563.008,842.371,1405.379,2003.693,317.077,2320.77,741.077,3061.847
1999 septiembre,257.206,355.034,612.24,727.294,1339.534,200.078,339.611,539.69,695.7,1235.389,1986.129,309.638,2295.767,634.299,2930.066
1999 octubre,389.088,281.849,670.937,601.56,1272.496,256.969,315.663,572.632,673.73,1246.361,1983.787,306.529,2290.316,654.236,2944.552
1999 noviembre,549.732,267.12,816.852,576.851,1393.703,331.378,291.281,622.658,629.028,1251.687,1915.417,301.804,2217.22,651.753,2868.973
1999 diciembre,893.315,324.698,1218.013,716.572,1934.585,478.277,303.008,781.285,668.706,1449.991,1994.988,294.648,2289.636,650.256,2939.891
2000 enero,1126.861,373.587,1500.448,876.197,2376.644,576.529,313.382,889.911,734.995,1624.906,1885.429,293.392,2178.822,688.111,2866.933
2000 febrero,1001.826,335.897,1337.723,729.523,2067.246,532.118,302.355,834.473,656.673,1491.145,1858.435,288.692,2147.127,626.999,2774.126
2000 marzo,749.527,288.809,1038.336,678.391,1716.727,446.545,303.867,750.412,713.76,1464.172,1903.487,301.275,2204.762,707.673,2912.435
2000 abril,565.103,260.091,825.194,604.475,1429.67,338.989,293.801,632.79,682.82,1315.61,1793.915,294.928,2088.843,685.439,2774.282
2000 mayo,368.115,284.446,652.561,715.061,1367.622,255.817,323.776,579.593,813.931,1393.524,1933.022,308.999,2242.021,776.784,3018.804
2000 junio,275.679,354.768,630.446,826.923,1457.37,213.863,351.925,565.788,820.299,1386.087,1888.669,314.537,2203.205,733.149,2936.355
2000 julio,248.353,407.65,656.003,947.546,1603.549,204.179,367.531,571.711,854.295,1426.005,1876.96,306.72,2183.68,712.944,2896.625
2000 agosto,259.868,422.301,682.169,971.375,1653.544,229.318,382.602,611.92,880.06,1491.979,1999.086,321.844,2320.93,740.303,3061.233
2000 septiembre,277.46,370.36,647.82,745.134,1392.954,222.435,355.024,577.459,714.278,1291.737,1906.964,309.124,2216.088,621.932,2838.021
2000 octubre,398.545,296.27,694.815,621.193,1316.008,263.622,327.999,591.621,687.72,1279.341,1937.362,305.093,2242.454,639.693,2882.147
2000 noviembre,685.909,288.369,974.278,628.17,1602.448,388.668,312.133,700.801,679.935,1380.736,1841.632,299.186,2140.819,651.733,2792.552
2000 diciembre,1199.769,386.079,1585.848,845.426,2431.274,606.373,321.296,927.669,703.566,1631.235,1923.962,287.394,2211.357,629.329,2840.685
2001 enero,1259.614,433.597,1693.211,914.686,2607.896,635.286,340.253,975.539,717.775,1693.314,1897.597,285.127,2182.724,601.484,2784.208
2001 febrero,1011.599,340.776,1352.374,693.28,2045.654,533.816,306.046,839.863,622.627,1462.49,1731.933,280.838,2012.771,571.343,2584.114
2001 marzo,910.141,316.689,1226.829,711.749,1938.578,483.688,315.459,799.148,708.986,1508.134,1875.23,285.218,2160.448,641.02,2801.468
2001 abril,568.741,281.279,850.02,612.87,1462.889,341.953,304.337,646.29,663.108,1309.398,1811.593,280.657,2092.25,611.514,2703.764
2001 mayo,342.474,278.95,621.424,649.483,1270.906,233.438,328.045,561.483,763.791,1325.274,1793.725,293.696,2087.421,683.816,2771.238
2001 junio,269.265,339.187,608.451,784.379,1392.83,202.416,357.539,559.955,826.818,1386.773,1722.903,291.015,2013.918,672.98,2686.898
2001 julio,250.353,411.812,662.165,955.933,1618.098,201.811,380.44,582.251,883.112,1465.363,1789.05,283.744,2072.794,658.652,2731.446
2001 agosto,243.045,440.796,683.841,1001.202,1685.043,204.356,394.923,599.278,897.008,1496.286,1857.93,296.115,2154.045,672.581,2826.626
2001 septiembre,249.278,361.523,610.801,735.834,1346.634,208.454,364.794,573.249,742.491,1315.74,1764.813,281.939,2046.752,573.851,2620.602
2001 octubre,390.69,291.469,682.159,638.72,1320.879,263.958,336.245,600.203,736.842,1337.046,1907.246,283.665,2190.912,621.62,2812.532
2001 noviembre,535.359,275.684,811.044,607.839,1418.882,317.502,313.344,630.846,690.872,1321.717,1800.569,272.444,2073.013,600.694,2673.708
2001 diciembre,834.956,328.121,1163.077,760.545,1923.622,458.287,320.621,778.909,743.162,1522.071,1773.065,265.972,2039.036,616.49,2655.527
2002 enero,1058.755,398.835,1457.59,864.28,2321.869,548.729,325.491,874.22,705.343,1579.563,1882.377,266.956,2149.333,578.496,2727.829
2002 febrero,922.876,329.575,1252.451,683.438,1935.889,497.398,302.478,799.876,627.247,1427.123,1683.764,266.339,1950.102,552.305,2502.408
2002 marzo,866.604,325.227,1191.831,729.594,1921.425,468.119,311.361,779.48,698.487,1477.967,1824.034,274.534,2098.568,615.871,2714.439
2002 abril,564.22,291.411,855.631,651.93,1507.561,340.862,311.725,652.587,697.376,1349.963,1795.553,275.521,2071.073,616.382,2687.455
2002 mayo,393.374,297.931,691.305,684.595,1375.9,260.42,331.295,591.715,761.259,1352.974,1824.232,288.177,2112.409,662.183,2774.592
2002 junio,276.366,365.664,642.03,853.376,1495.406,207.238,356.356,563.595,831.654,1395.249,1780.44,287.928,2068.368,671.957,2740.325
2002 julio,242.485,456.167,698.652,1044.425,1743.077,201.855,392.282,594.137,898.157,1492.294,1869.061,300.676,2169.737,688.417,2858.154
2002 agosto,234.988,458.342,693.331,1014.228,1707.559,201.191,392.416,593.607,868.345,1461.952,1859.163,301.159,2160.322,666.41,2826.732
2002 septiembre,245.094,395.222,640.316,823.258,1463.574,205.342,374.711,580.053,780.532,1360.585,1780.67,287.789,2068.46,599.472,2667.932
2002 octubre,411.373,322.541,733.914,683.231,1417.144,277.865,358.852,636.717,760.148,1396.865,1831.343,286.554,2117.897,607.001,2724.898
2002 noviembre,672.81,303.062,975.871,682.004,1657.876,387.588,320.954,708.542,722.268,1430.809,1815.846,271.955,2087.801,612.003,2699.805
2002 diciembre,1019.292,372.817,1392.109,845.797,2237.906,535.76,331.94,867.7,753.061,1620.761,1780.412,271.104,2051.516,615.044,2666.559
2003 enero,1236.885,424.019,1660.904,938.882,2599.786,658.156,336.278,994.434,744.603,1739.037,1848.591,275.786,2124.376,610.657,2735.034
2003 febrero,1129.4,378.518,1507.918,773.633,2281.551,602.643,311.307,913.95,636.264,1550.214,1755.492,271.311,2026.802,554.517,2581.319
2003 marzo,892.674,339.703,1232.377,738.867,1971.244,497.738,315.882,813.62,687.054,1500.674,1787.964,278.959,2066.923,606.747,2673.67
2003 abril,583.48,284.725,868.205,622.799,1491.005,348.902,306.004,654.906,669.344,1324.25,1757.139,283.393,2040.532,619.884,2660.416
2003 mayo,392.5,299.589,692.089,687.375,1379.464,255.641,326.934,582.575,750.116,1332.692,1732.631,288.721,2021.352,662.44,2683.792
2003 junio,283.004,345.587,628.591,784.53,1413.121,205.189,349.414,554.602,793.216,1347.819,1693.372,294.148,1987.52,667.756,2655.276
2003 julio,252.31,445.859,698.169,990.751,1688.921,205.367,393.175,598.541,873.68,1472.222,1823.157,299.343,2122.5,665.174,2787.674
2003 agosto,239.31,458.804,698.114,1011.288,1709.401,202.496,396.558,599.053,874.085,1473.139,1823.792,308.91,2132.702,680.893,2813.595
2003 septiembre,266.274,388.453,654.727,784.435,1439.162,212.388,363.285,575.673,733.612,1309.285,1773.996,292.347,2066.342,590.361,2656.703
2003 octubre,392.238,306.332,698.57,659.43,1358,261.042,341.324,602.366,734.755,1337.121,1832.115,296.782,2128.896,638.87,2767.767
2003 noviembre,588.263,295.679,883.942,666.686,1550.628,343.575,315.967,659.542,712.43,1371.973,1764.103,283.755,2047.858,639.799,2687.657
2003 diciembre,978.095,385.842,1363.937,867.931,2231.867,505.802,333.931,839.733,751.16,1590.893,1876.136,280.765,2156.901,631.566,2788.466
2004 enero,1239.829,433.738,1673.567,959.181,2632.749,641.426,338.747,980.173,749.115,1729.288,1866.154,275.768,2141.922,609.842,2751.764
2004 febrero,1094.984,383.727,1478.711,813.569,2292.281,595.41,319.628,915.037,677.666,1592.704,1826.486,271.826,2098.312,576.318,2674.63
2004 marzo,790.755,337.608,1128.363,723.545,1851.908,456.577,325.269,781.846,697.101,1478.947,1876.705,284.314,2161.019,609.327,2770.346
2004 abril,544.871,291.306,836.177,619.937,1456.114,339.891,319.131,659.021,679.152,1338.173,1827.795,284.456,2112.251,605.359,2717.61
2004 mayo,347.168,309.121,656.289,724.849,1381.139,244.965,344.2,589.165,807.105,1396.271,1851.942,296.804,2148.746,695.968,2844.714
2004 junio,271.16,383.287,654.447,843.777,1498.225,208.345,368.913,577.258,812.133,1389.391,1828.363,295.93,2124.293,651.468,2775.761
2004 julio,249.186,441.19,690.376,984.585,1674.961,200.176,394.07,594.247,879.43,1473.677,1874.4,301.892,2176.292,673.719,2850.012
2004 agosto,249.395,431.356,680.751,944.866,1625.617,201.66,390.512,592.172,855.398,1447.571,1903.185,305.17,2208.356,668.461,2876.817
2004 septiembre,250.253,383.296,633.549,811.602,1445.151,200.896,373.939,574.835,791.789,1366.624,1829.416,293.497,2122.912,621.458,2744.37
2004 octubre,370.651,318.907,689.557,692.462,1382.02,255.023,349.136,604.159,758.101,1362.26,1893.099,291.2,2184.299,632.301,2816.599
2004 noviembre,589.702,305.885,895.587,679.067,1574.654,349.682,326.708,676.39,725.295,1401.685,1853.686,287.258,2140.944,637.715,2778.659
2004 diciembre,989.63,388.819,1378.449,887.242,2265.691,538.345,347.956,886.301,793.998,1680.299,1907.998,284.788,2192.786,649.854,2842.64
2005 enero,1150.246,427.482,1577.728,942.405,2520.133,589.893,344.142,934.035,758.677,1692.712,1878.452,280.609,2159.06,618.615,2777.675
2005 febrero,977.203,363.948,1341.151,751.376,2092.527,518.62,318.192,836.812,656.913,1493.725,1738.345,269.326,2007.672,556.029,2563.701
2005 marzo,893.424,355.07,1248.494,765.282,2013.776,479.526,337.528,817.054,727.472,1544.526,1894.264,283.826,2178.09,611.729,2789.819
2005 abril,541.645,295.988,837.633,626.794,1464.426,322.444,322.228,644.672,682.359,1327.031,1736.509,281.112,2017.622,595.292,2612.914
2005 mayo,392.372,298.155,690.526,686.533,1377.059,247.222,340.182,587.404,783.305,1370.709,1800.91,292.927,2093.837,674.497,2768.334
2005 junio,283.471,397.933,681.404,892.119,1573.523,208.801,389.312,598.113,872.791,1470.904,1802.767,300.368,2103.136,673.391,2776.527
2005 julio,250.214,492.953,743.167,1101.889,1845.057,197.614,416.39,614.004,930.75,1544.754,1759.418,301.572,2060.99,674.099,2735.089
2005 agosto,245.025,501.239,746.264,1092.989,1839.254,200.112,424.576,624.688,925.82,1550.508,1833.78,308.909,2142.688,673.598,2816.287
2005 septiembre,243.425,431.671,675.097,875.941,1551.038,194.322,397.556,591.878,806.714,1398.592,1649.269,297.718,1946.987,604.124,2551.111
2005 octubre,354.234,350.364,704.599,722.405,1427.003,238.675,370.115,608.79,763.127,1371.917,1701.971,292.941,1994.912,604.005,2598.918
2005 noviembre,560.281,312.835,873.115,687.92,1561.036,324.809,337.103,661.912,741.286,1403.199,1739.712,284.944,2024.656,626.588,2651.244
2005 diciembre,1011.261,410.045,1421.306,928.885,2350.191,530.766,353.248,884.014,800.222,1684.236,1807.009,283.108,2090.117,641.333,2731.451
2006 enero,920.66,410.869,1331.529,862.146,2193.675,500.002,347.797,847.798,729.798,1577.596,1826.923,279.322,2106.245,586.115,2692.36
2006 febrero,913.847,356.592,1270.439,753.213,2023.652,494.194,326.573,820.767,689.807,1510.574,1661.855,273.667,1935.522,578.055,2513.577
2006 marzo,823.399,358.107,1181.506,758.132,1939.638,449.806,345.006,794.812,730.396,1525.208,1817.88,284.097,2101.977,601.448,2703.425
2006 abril,497.257,304.944,802.201,654.716,1456.917,296.466,329.433,625.899,707.292,1333.19,1695.805,278.748,1974.553,598.472,2573.025
2006 mayo,328.762,320.728,649.49,725.656,1375.146,226.595,363.18,589.775,821.705,1411.48,1774.393,294.043,2068.436,665.28,2733.715
2006 junio,248.303,405.398,653.701,894.532,1548.233,193.903,395.06,588.963,871.721,1460.684,1783.729,295.581,2079.31,652.216,2731.526
2006 julio,221.709,502.718,724.427,1113.041,1837.468,180.603,428.347,608.949,948.378,1557.327,1751.141,303.258,2054.399,671.428,2725.827
2006 agosto,215.4,512.02,727.42,1093.985,1821.405,186.047,435.558,621.605,930.616,1552.221,1864.6,308.052,2172.652,658.185,2830.837
2006 septiembre,236.522,396.038,632.56,781.116,1413.676,193.211,389.755,582.966,768.723,1351.689,1807.224,294.674,2101.898,581.193,2683.091
2006 octubre,373.739,328.392,702.132,695.563,1397.695,255.851,371.908,627.759,787.734,1415.493,1852.398,291.172,2143.57,616.727,2760.297
2006 noviembre,563.137,323.604,886.741,704.971,1591.712,331.298,344.966,676.264,751.508,1427.772,1811.044,275.188,2086.232,599.498,2685.73
2006 diciembre,812.888,391.976,1204.864,865.707,2070.571,439.611,357.144,796.755,788.779,1585.534,1807.799,272.746,2080.545,602.379,2682.923
2007 enero,1022.341,427.477,1449.818,947.666,2397.484,529.776,363.949,893.725,806.834,1700.558,1857.011,281.096,2138.107,623.157,2761.264
2007 febrero,1122.794,414.436,1537.23,851.251,2388.481,578.637,343.781,922.418,706.125,1628.544,1740.457,267.473,2007.93,549.389,2557.318
2007 marzo,810.243,360.631,1170.873,763.414,1934.287,448.529,350.208,798.737,741.351,1540.088,1802.231,281.771,2084.002,596.478,2680.48
2007 abril,549.349,308.042,857.391,656.808,1514.199,325.451,344.787,670.238,735.155,1405.392,1743.647,284.429,2028.076,606.46,2634.536
2007 mayo,323.623,328.879,652.501,726.755,1379.256,222.279,370.403,592.682,818.515,1411.197,1791.424,297.667,2089.091,657.782,2746.873
2007 junio,239.167,400.629,639.796,878.346,1518.141,188.659,400.405,589.064,877.854,1466.918,1723.817,298.796,2022.612,655.085,2677.698
2007 julio,219.074,474.36,693.434,1033.186,1726.62,176.728,422.826,599.553,920.94,1520.494,1747.62,303.727,2051.347,661.537,2712.883
2007 agosto,220.828,512.146,732.974,1129.903,1862.877,185.309,445.18,630.488,982.161,1612.649,1788.023,314.297,2102.32,693.406,2795.726
2007 septiembre,227.761,441.895,669.656,875.634,1545.29,185.508,409.093,594.601,810.636,1405.237,1740.552,298.303,2038.855,591.1,2629.955
2007 octubre,306.016,354.008,660.024,729.599,1389.622,225.61,390.61,616.22,805.033,1421.253,1787.207,303.313,2090.52,625.117,2715.636
2007 noviembre,584.36,327.227,911.587,694.8,1606.388,343.189,356.906,700.096,757.818,1457.913,1749.659,290.423,2040.081,616.654,2656.735
2007 diciembre,964.938,400.596,1365.534,894.474,2260.008,513.025,361.36,874.385,806.866,1681.251,1811.854,285.668,2097.522,637.857,2735.379
2008 enero,1145.208,455.053,1600.261,973.874,2574.135,597.24,372.117,969.357,796.38,1765.737,1892.935,283.506,2176.44,606.74,2783.18
2008 febrero,1059.69,404.505,1464.195,820.259,2284.454,571.902,356.202,928.104,722.31,1650.414,1745.841,278.024,2023.866,563.78,2587.646
2008 marzo,864.272,365.638,1229.91,775.227,2005.137,476.272,352.578,828.85,747.536,1576.385,1779.426,284.895,2064.321,604.035,2668.356
2008 abril,543.573,314.47,858.043,664.358,1522.401,328.585,346.275,674.86,731.55,1406.41,1708.416,285.569,1993.985,603.301,2597.286
2008 mayo,358.021,314.742,672.763,699.704,1372.467,240.667,366.7,607.366,815.211,1422.578,1735.115,300.13,2035.245,667.22,2702.465
2008 junio,258.106,414.134,672.241,924.508,1596.749,193.563,407.301,600.863,909.252,1510.116,1677.259,297.608,1974.866,664.375,2639.241
2008 julio,230.161,488.527,718.688,1064.526,1783.214,186.039,436.982,623.02,952.205,1575.226,1715.335,302.053,2017.389,658.19,2675.579
2008 agosto,219.439,472.425,691.864,1010.943,1702.808,182.396,423.756,606.152,906.795,1512.947,1681.788,302.139,1983.927,646.548,2630.475
2008 septiembre,229.987,399.471,629.457,797.35,1426.808,185.301,403.602,588.902,805.596,1394.498,1510.443,293.126,1803.569,585.085,2388.654
2008 octubre,358.251,327.929,686.181,685.037,1371.217,251.869,378.219,630.089,790.091,1420.18,1771.724,287.168,2058.892,599.888,2658.781
2008 noviembre,607.267,326.755,934.022,710.326,1644.348,354.019,349.439,703.458,759.637,1463.095,1642.959,271.386,1914.345,589.959,2504.304
2008 diciembre,1016.781,427.167,1443.948,942.307,2386.255,532.291,365.718,898.01,806.755,1704.764,1592.955,258.864,1851.819,571.04,2422.858
2009 enero,1193.633,464.813,1658.446,994.644,2653.09,637.027,374.102,1011.129,800.535,1811.664,1649.671,255.842,1905.513,547.472,2452.985
2009 febrero,958.004,393.104,1351.108,774.376,2125.484,526.447,337.824,864.271,665.481,1529.752,1500.825,243.474,1744.298,479.619,2223.917
2009 marzo,790.963,363.383,1154.345,757.746,1912.091,454.432,349.587,804.019,728.979,1532.997,1567.425,253.072,1820.497,527.72,2348.217
2009 abril,540.24,312.646,852.885,651.989,1504.874,324.574,340.532,665.105,710.143,1375.248,1466.354,250.492,1716.846,522.375,2239.221
2009 mayo,319.558,321.793,641.351,713.283,1354.634,225.882,358.983,584.865,795.717,1380.582,1481.298,256.415,1737.713,568.366,2306.078
2009 junio,245.754,390.316,636.07,867.016,1503.087,189.278,391.807,581.086,870.328,1451.413,1501.432,258.222,1759.654,573.593,2333.248
2009 julio,226.488,469.143,695.631,986.697,1682.328,187.096,413.954,601.05,870.624,1471.674,1527.427,267.47,1794.897,562.539,2357.436
2009 agosto,221.244,471.616,692.86,992.438,1685.298,189.528,422.326,611.854,888.716,1500.57,1576.4,280.464,1856.864,590.19,2447.054
2009 septiembre,235.905,392.937,628.842,767.438,1396.281,195.974,392.04,588.014,765.685,1353.699,1558.98,272.494,1831.474,532.202,2363.677
2009 octubre,391.531,336.26,727.79,676.939,1404.729,266.725,370.249,636.974,745.363,1382.337,1602.099,271.086,1873.185,545.735,2418.92
2009 noviembre,525.295,317.411,842.707,674.722,1517.429,322.103,337.451,659.555,717.32,1376.875,1585.523,258.079,1843.602,548.6,2392.201
2009 diciembre,990.179,423.133,1413.313,931.195,2344.507,536.727,370.126,906.853,814.541,1721.394,1652.07,263.115,1915.186,579.042,2494.227
2010 enero,1173.864,503.27,1677.133,1044.906,2722.039,618.43,368.907,987.337,765.938,1753.275,1688.448,257.773,1946.221,535.197,2481.418
2010 febrero,1013.918,419.131,1433.049,845.581,2278.63,549.46,343.749,893.209,693.501,1586.709,1594.311,253.139,1847.449,510.698,2358.148
2010 marzo,751.929,381.427,1133.357,767.994,1901.351,419.388,347.176,766.564,699.029,1465.593,1760.352,267.225,2027.576,538.05,2565.627
2010 abril,442.45,300.414,742.864,607.663,1350.527,276.856,340.485,617.341,688.715,1306.056,1651.758,268.253,1920.011,542.608,2462.619
2010 mayo,320.743,323.604,644.347,733.641,1377.988,223.444,362.259,585.703,821.275,1406.979,1655.633,280.173,1935.806,635.178,2570.984
2010 junio,251.123,435.016,686.139,956.074,1642.213,193.694,407.342,601.036,895.251,1496.287,1664.697,284.423,1949.12,625.102,2574.222
2010 julio,220.746,527.798,748.544,1120.883,1869.427,177.456,436.477,613.933,926.944,1540.877,1675.938,292.558,1968.496,621.305,2589.801
2010 agosto,211.883,525.63,737.513,1097.221,1834.734,181.525,440.716,622.24,919.966,1542.207,1762.475,300.007,2062.482,626.246,2688.728
2010 septiembre,219.797,425.076,644.873,831.492,1476.365,184.365,406.494,590.859,795.144,1386.003,1721.179,284.526,2005.705,556.561,2562.266
2010 octubre,336.526,329.9,666.426,658.024,1324.449,252.895,370.068,622.963,738.145,1361.108,1676.477,280.059,1956.536,558.611,2515.148
2010 noviembre,614.54,317.883,932.423,679.625,1612.048,364.485,346.383,710.868,740.557,1451.425,1680.485,271.643,1952.127,580.764,2532.892
2010 diciembre,1084.526,443.607,1528.133,977.307,2505.44,580.839,368.586,949.424,812.027,1761.452,1796.81,274.029,2070.838,603.71,2674.549
2011 enero,1191.842,494.95,1686.792,1014.172,2700.964,637.13,369.351,1006.481,756.814,1763.296,1806.204,273.277,2079.48,559.955,2639.435
2011 febrero,964.492,409.815,1374.307,805.81,2180.117,531.072,340.502,871.574,669.522,1541.096,1598.101,260.545,1858.645,512.302,2370.948
2011 marzo,766.315,357.994,1124.31,744.225,1868.535,445.542,355.725,801.267,739.508,1540.774,1790.261,280.497,2070.759,583.119,2653.877
2011 abril,468.213,319.71,787.923,665.749,1453.672,293.951,342.927,636.878,714.095,1350.973,1640.972,274.213,1915.185,571.008,2486.194
2011 mayo,310.854,333.315,644.169,721.657,1365.826,217.271,367.215,584.485,795.053,1379.538,1666.636,279.991,1946.626,606.204,2552.831
2011 junio,236.829,429.853,666.682,920.293,1586.975,191.254,403.197,594.45,863.222,1457.673,1655.798,286.306,1942.104,612.966,2555.07
2011 julio,216.266,527.935,744.202,1144.798,1889,185.169,436.959,622.128,947.522,1569.65,1669.204,297.687,1966.891,645.518,2612.41
2011 agosto,224.41,524.557,748.966,1076.61,1825.576,201.558,441.405,642.963,905.949,1548.911,1765.624,303.625,2069.249,623.166,2692.414
2011 septiembre,238.508,418.719,657.227,797.523,1454.75,206.622,402.45,609.072,766.535,1375.607,1687.542,289.825,1977.367,552.021,2529.388
2011 octubre,363.633,322.724,686.358,649.925,1336.282,280.148,370.712,650.86,746.566,1397.426,1736.84,287.569,2024.41,579.127,2603.536
2011 noviembre,595.311,318.068,913.379,669.534,1582.913,369.324,343.085,712.409,722.194,1434.603,1755.026,275.937,2030.962,580.847,2611.809
2011 diciembre,897.632,396.956,1294.588,841.845,2136.433,505.24,357.803,863.043,758.812,1621.856,1734.987,272.897,2007.884,578.748,2586.632
2012 enero,989.638,429.508,1419.145,869.324,2288.469,550.138,359.077,909.215,726.771,1635.986,1818.136,270.246,2088.383,546.979,2635.362
2012 febrero,830.092,368.412,1198.504,724.438,1922.942,474.906,341.473,816.379,671.467,1487.846,1711.967,267.154,1979.121,525.326,2504.447
2012 marzo,543.901,339.022,882.923,672.374,1555.297,337.916,349.643,687.559,693.437,1380.996,1722.417,277.39,1999.807,550.14,2549.946
2012 abril,395.883,300.608,696.491,593.817,1290.308,269.792,344.737,614.529,680.989,1295.519,1647.117,276.473,1923.59,546.142,2469.732
2012 mayo,267.952,344.254,612.207,727.849,1340.055,207.502,378.051,585.553,799.305,1384.858,1716.508,288.92,2005.428,610.857,2616.285
2012 junio,220.468,419.451,639.919,868.808,1508.728,187.272,402.648,589.92,834.004,1423.924,1684.745,285.308,1970.053,590.958,2561.011
2012 julio,203.15,527.424,730.574,1105.566,1836.14,179.834,438.562,618.397,919.298,1537.695,1707.972,297.592,2005.564,623.801,2629.365
2012 agosto,209.704,504.775,714.478,1008.139,1722.617,195.955,437.099,633.055,872.977,1506.031,1760.034,300.613,2060.647,600.386,2661.033
2012 septiembre,215.581,405.453,621.034,774.723,1395.757,196.458,397.788,594.246,760.078,1354.324,1666.493,279.988,1946.482,534.991,2481.473
2012 octubre,351.676,329.836,681.512,648.005,1329.516,271.365,376.927,648.292,740.521,1388.813,1792.129,283.181,2075.31,556.345,2631.656
2012 noviembre,623.387,331.494,954.88,679.574,1634.454,379.314,346.798,726.112,710.949,1437.061,1758.939,269.027,2027.966,551.515,2579.481
2012 diciembre,833.586,389.608,1223.194,828.979,2052.172,472.099,355.265,827.364,755.907,1583.271,1796.561,267.363,2063.924,568.875,2632.799
2013 enero,1100.62,449.65,1550.27,905.195,2455.465,591.589,367.57,959.16,739.96,1699.12,1854.168,274.685,2128.853,552.97,2681.823
2013 febrero,955.937,385.945,1341.882,745.852,2087.734,532.133,344.665,876.799,666.078,1542.877,1666.843,261.673,1928.517,505.693,2434.21
2013 marzo,861.392,382.474,1243.866,770.726,2014.591,490.76,354.887,845.647,715.134,1560.782,1747.832,274.579,2022.411,553.305,2575.716
2013 abril,518.288,325.985,844.273,644.044,1488.318,323.895,345.96,669.854,683.507,1353.361,1686.157,273.699,1959.855,540.742,2500.597
2013 mayo,312.58,324.794,637.374,675.085,1312.459,227.332,370.825,598.157,770.761,1368.918,1756.665,289.668,2046.334,602.077,2648.41
2013 junio,226.967,402.555,629.522,839.421,1468.943,184.762,400.604,585.366,835.354,1420.72,1705.618,287.188,1992.806,598.853,2591.659
2013 julio,211.726,490.832,702.558,1005.018,1707.576,184.132,434.384,618.516,889.435,1507.95,1790.095,296.458,2086.553,607.021,2693.575
2013 agosto,214.549,471.078,685.627,948.916,1634.543,191.049,433.54,624.589,873.301,1497.89,1769.047,299.595,2068.642,603.49,2672.132
2013 septiembre,228.184,414.282,642.467,792.218,1434.685,197.446,404.007,601.453,772.569,1374.022,1788.268,283.281,2071.55,541.709,2613.258
2013 octubre,342.054,337.423,679.477,659.125,1338.602,261.662,381.825,643.487,745.861,1389.348,1851.276,283.127,2134.403,553.062,2687.465
2013 noviembre,674.106,334.049,1008.154,697.31,1705.464,416.896,352.748,769.644,736.344,1505.988,1859.702,271.703,2131.405,567.167,2698.571
2013 diciembre,1043.565,440.032,1483.597,921.498,2405.096,560.729,371.097,931.826,777.138,1708.964,1907.511,266.365,2173.876,557.811,2731.687
2014 enero,1272.039,499.897,1771.936,1036.458,2808.394,678.81,388.511,1067.32,805.515,1872.836,1914.782,273.468,2188.25,566.993,2755.242
2014 febrero,1068.47,438.358,1506.828,844.448,2351.276,593.404,356.051,949.455,685.894,1635.348,1692.857,257.31,1950.167,495.68,2445.847
2014 marzo,903.989,389.762,1293.752,792.601,2086.353,518.243,364.974,883.217,742.194,1625.411,1759.326,274.799,2034.125,558.818,2592.943
2014 abril,492.683,314.893,807.575,616.595,1424.17,314.232,349.59,663.822,684.537,1348.358,1747.605,274.684,2022.289,537.863,2560.152
2014 mayo,334.686,326.62,661.305,678.185,1339.49,242.428,374.179,616.607,776.935,1393.542,1733.538,291.327,2024.865,604.903,2629.768
2014 junio,240.154,402.783,642.938,835.7,1478.637,200.504,404.058,604.562,838.344,1442.906,1702.594,292.446,1995.041,606.771,2601.812
2014 julio,224.264,467.539,691.803,954.069,1645.872,193.847,427.981,621.828,873.346,1495.174,1792.567,301.679,2094.246,615.611,2709.858
2014 agosto,216.568,463.451,680.019,936.2,1616.219,193.589,428.557,622.147,865.713,1487.859,1799.752,306.426,2106.178,619,2725.178
2014 septiembre,247.346,411.969,659.315,769.228,1428.544,212.654,409.607,622.26,764.816,1387.077,1785.985,291.689,2077.674,544.641,2622.315
2014 octubre,356.317,334.505,690.821,640.645,1331.466,273.176,385.635,658.811,738.57,1397.38,1847.383,290,2137.383,555.41,2692.792
2014 noviembre,728.224,339.445,1067.669,706.249,1773.918,447.992,355.686,803.677,740.038,1543.716,1812.016,276.523,2088.538,575.332,2663.871
2014 diciembre,923.048,412.172,1335.219,829.572,2164.792,521.94,368.736,890.676,742.149,1632.825,1875.125,273.378,2148.503,550.224,2698.727
2015 enero,1177.963,470.054,1648.017,932.824,2580.841,673.473,380.846,1054.319,755.791,1810.11,1907.187,271.626,2178.813,539.043,2717.856
2015 febrero,1124.653,422.534,1547.188,830.112,2377.299,646.548,359.906,1006.454,707.072,1713.527,1726.398,261.867,1988.264,514.464,2502.728
2015 marzo,820.842,399.774,1220.616,752.201,1972.817,502.827,367.8,870.628,692.04,1562.667,1815.232,271.967,2087.2,511.724,2598.924
2015 abril,452.69,307.76,760.45,583.86,1344.31,323.04,355.421,678.461,674.278,1352.739,1740.959,274.627,2015.586,521.003,2536.59
2015 mayo,298.907,324.688,623.594,666.731,1290.326,248.284,373.292,621.576,766.538,1388.114,1786.35,282.909,2069.259,580.939,2650.198
2015 junio,219.504,410.463,629.966,836.202,1466.168,211.268,406.95,618.218,829.045,1447.263,1780.541,294.175,2074.716,599.298,2674.014
2015 julio,207.401,498.283,705.683,1006.896,1712.579,213.38,438.457,651.837,886.003,1537.84,1845.074,299.394,2144.468,604.995,2749.463
2015 agosto,207.34,493.086,700.426,965.886,1666.312,217.699,438.507,656.205,858.973,1515.179,1830.166,301.529,2131.695,590.653,2722.348
2015 septiembre,210.078,427.922,637.999,796.634,1434.633,217.157,416.931,634.087,776.173,1410.26,1731.991,289.1,2021.091,538.199,2559.291
2015 octubre,359.484,338.979,698.463,629.49,1327.953,305.264,384.947,690.211,714.854,1405.064,1744.251,284.045,2028.296,527.477,2555.773
2015 noviembre,587.959,316.216,904.176,621.509,1525.685,400.962,355.326,756.289,698.378,1454.667,1708.568,267.824,1976.391,526.395,2502.787
2015 diciembre,798.932,381.02,1179.951,742.819,1922.771,481.463,364.502,845.965,710.618,1556.582,1811.415,266.902,2078.317,520.34,2598.656
2016 enero,1091.214,446.876,1538.09,886.347,2424.437,634.714,376.721,1011.435,747.199,1758.633,1880.771,269.029,2149.8,533.6,2683.399
2016 febrero,874.471,395.654,1270.125,732.969,2003.094,535.642,352.977,888.619,653.908,1542.528,1806.966,261.866,2068.832,485.12,2553.951
2016 marzo,609.862,341.973,951.835,637.717,1589.552,406.366,360.782,767.148,672.793,1439.94,1831.988,270.358,2102.346,504.168,2606.514
2016 abril,462.512,301.09,763.602,578.437,1342.039,329.037,348.178,677.215,668.901,1346.116,1711.367,268.343,1979.71,515.525,2495.235
2016 mayo,312.791,321.404,634.194,643.852,1278.046,262.415,369.987,632.401,741.176,1373.577,1732.503,278.049,2010.552,557.001,2567.553
2016 junio,219.228,427.221,646.449,864.749,1511.197,218.53,410.679,629.209,831.267,1460.476,1722.091,285.489,2007.58,577.866,2585.446
2016 julio,205.109,526.845,731.953,1063.35,1795.303,217.019,443.691,660.71,895.517,1556.227,1766.368,297.105,2063.473,599.657,2663.13
2016 agosto,192.332,533.778,726.11,1024.344,1750.455,219.527,460.684,680.212,884.073,1564.285,1856.752,304.011,2160.763,583.411,2744.173
2016 septiembre,211.284,441.386,652.671,806.021,1458.692,225.591,421.358,646.949,769.446,1416.395,1755.482,284.081,2039.563,518.763,2558.326
2016 octubre,314.691,346.345,661.036,648.737,1309.772,287.605,385.429,673.034,721.944,1394.979,1814.92,278.41,2093.33,521.488,2614.818
2016 noviembre,526.48,318.149,844.628,608.866,1453.494,384.244,358.464,742.708,686.021,1428.729,1791.722,267.574,2059.296,512.077,2571.373
2016 diciembre,1010.646,413.81,1424.456,844.935,2269.391,601.057,375.907,976.964,767.542,1744.507,1897.868,268.239,2166.107,547.701,2713.808
2017 enero,1040.955,440.873,1481.828,863.167,2344.994,610.977,373.574,984.552,731.405,1715.957,1888.023,268.897,2156.92,526.461,2683.381
2017 febrero,743.245,344.504,1087.749,642.71,1730.459,467.504,339.971,807.476,634.255,1441.731,1673.336,254.309,1927.646,474.442,2402.088
2017 marzo,749.887,351.762,1101.648,689.725,1791.374,485.515,365.674,851.188,717.003,1568.192,1878.166,274.769,2152.936,538.76,2691.695
2017 abril,408.718,309.552,718.27,591.364,1309.634,306.337,350.034,656.371,668.7,1325.072,1769.346,269.202,2038.547,514.28,2552.828
2017 mayo,313.786,335.335,649.122,667.742,1316.864,265.974,374.884,640.858,746.494,1387.351,1815.919,283.655,2099.573,564.833,2664.406
2017 junio,229.954,418.117,648.071,815.577,1463.648,224.552,409.485,634.037,798.739,1432.776,1796.768,291.38,2088.148,568.364,2656.512
2017 julio,202.973,511.46,714.434,1006.629,1721.063,213.171,441.092,654.263,868.133,1522.396,1848.445,299.595,2148.039,589.646,2737.685
2017 agosto,204.809,484.528,689.337,908.602,1597.94,221.374,438.377,659.751,822.058,1481.809,1840.201,304.127,2144.328,570.308,2714.636
2017 septiembre,215.284,405.273,620.557,742.144,1362.701,225.519,405.307,630.827,742.207,1373.033,1769.918,285.039,2054.957,521.969,2576.926
2017 octubre,324.946,350.791,675.738,659.863,1335.601,292.106,386.536,678.642,727.101,1405.743,1847.136,282.565,2129.701,531.525,2661.226
2017 noviembre,628.225,335.47,963.695,654.549,1618.244,431.902,358.168,790.07,698.837,1488.908,1901.825,271.102,2172.927,528.96,2701.887
2017 diciembre,1035.711,416.28,1451.991,844.588,2296.578,623.676,372.95,996.627,756.677,1753.304,1943.649,273.785,2217.434,555.481,2772.915
2018 enero,1248.444,508.106,1756.55,981.554,2738.104,703.608,392.125,1095.733,757.503,1853.236,2000.638,272.584,2273.222,526.575,2799.797
2018 febrero,886.623,388.119,1274.743,704.124,1978.866,539.456,350.363,889.819,635.626,1525.445,1770.224,258.156,2028.38,468.345,2496.725
2018 marzo,856.11,365.829,1221.939,692.582,1914.521,535.818,368.866,904.684,698.331,1603.014,1968.497,276.553,2245.05,523.565,2768.615
2018 abril,610.981,325.688,936.669,612.845,1549.514,407.127,352.567,759.694,663.424,1423.117,1813.525,269.833,2083.357,507.743,2591.1
2018 mayo,293.2,354.329,647.53,711.486,1359.016,251.145,386.155,637.3,775.39,1412.69,1883.026,292.196,2175.222,586.723,2761.944
2018 junio,229.119,443.263,672.382,864.274,1536.656,223.579,416.302,639.881,811.706,1451.588,1849.47,291.85,2141.32,569.049,2710.368
2018 julio,215.113,523.967,739.08,1014.472,1753.552,218.712,448.752,667.463,868.844,1536.307,1910.517,304.696,2215.213,589.933,2805.146
2018 agosto,205.192,523.73,728.922,973.656,1702.578,222.756,460.102,682.857,855.366,1538.223,1989.624,314.265,2303.889,584.244,2888.133
2018 septiembre,221.399,439.84,661.239,796.65,1457.889,225.739,416.378,642.117,754.155,1396.272,1858.313,292.337,2150.649,529.488,2680.137
2018 octubre,410.42,365.25,775.671,654.061,1429.732,340.799,396.247,737.046,709.568,1446.614,1982.122,291.046,2273.168,521.182,2794.35
2018 noviembre,800.206,354.131,1154.338,698.053,1852.39,507.042,358.202,865.245,706.077,1571.322,1925.845,276.776,2202.621,545.572,2748.193
2018 diciembre,1006.238,420.292,1426.53,813.717,2240.247,600.502,368.489,968.992,713.424,1682.416,1933.85,274.005,2207.855,530.494,2738.349
2019 enero,1215.192,454.879,1670.072,866.99,2537.062,699.918,382.186,1082.104,728.438,1810.542,2058.678,281.864,2340.542,537.227,2877.77
2019 febrero,1034.977,397.867,1432.844,723.585,2156.428,599.851,348.266,948.117,633.378,1581.495,1777.259,260.838,2038.097,474.376,2512.473
2019 marzo,906.206,384.21,1290.416,712.639,2003.054,551.062,366.681,917.743,680.127,1597.871,1925.716,276.689,2202.405,513.207,2715.612
2019 abril,485.576,308.39,793.966,568.134,1362.099,345.913,349.546,695.458,643.954,1339.412,1842.853,274.529,2117.382,505.753,2623.135
2019 mayo,351.348,342.33,693.678,662.785,1356.462,277,379.418,656.418,734.591,1391.009,1902.197,288.864,2191.061,559.27,2750.332
2019 junio,248.776,409.836,658.612,775.87,1434.482,229.235,394.922,624.157,747.635,1371.792,1831.904,289.993,2121.896,548.991,2670.888
2019 julio,230.791,524.591,755.383,979.076,1734.459,227.013,446.806,673.819,833.902,1507.721,1908.089,309.646,2217.735,577.912,2795.647
2019 agosto,230.818,512.083,742.902,935.422,1678.324,234.158,446.208,680.367,815.088,1495.455,1947.002,310.703,2257.705,567.561,2825.266
2019 septiembre,223.321,448.906,672.227,794.171,1466.398,222.628,416.466,639.094,736.781,1375.875,1870.567,293.979,2164.546,520.086,2684.632
2019 octubre,376.57,368.486,745.056,629.818,1374.874,310.284,393.42,703.705,672.435,1376.139,1957.666,287.96,2245.626,492.181,2737.807
2019 noviembre,797.535,349.569,1147.104,662.058,1809.162,511.265,350.89,862.155,664.559,1526.714,1951.818,271.679,2223.497,514.54,2738.037
2019 diciembre,988.942,413.118,1402.06,761.897,2163.957,592.162,368.501,960.663,679.611,1640.274,1995.548,273.283,2268.831,504.005,2772.836
2020 enero,1035.09,424.597,1459.687,768.518,2228.204,627.259,374.679,1001.939,678.167,1680.106,2013.471,275.036,2288.507,497.814,2786.321
2020 febrero,926.925,382.563,1309.489,688.907,1998.396,572.812,351.486,924.299,632.945,1557.244,1888.423,269.216,2157.639,484.796,2642.434
2020 marzo,697.697,355.718,1053.414,627.154,1680.568,454.508,355.223,809.73,626.281,1436.011,1941.479,276.135,2217.614,486.845,2704.459
2020 abril,530.014,333.554,863.568,585.774,1449.342,334.965,311.876,646.842,547.704,1194.546,1616.772,248.363,1865.135,436.165,2301.3
2020 mayo,375.939,360.583,736.522,681.566,1418.088,263.144,321.749,584.893,608.162,1193.054,1684.977,253.42,1938.396,479.007,2417.404
2020 junio,244.443,448.808,693.251,839.509,1532.76,220.331,373.93,594.261,699.449,1293.71,1686.459,267.653,1954.112,500.654,2454.766
2020 julio,217.915,570.173,788.088,1043.341,1831.429,213.97,433.691,647.661,793.596,1441.257,1800.216,289.196,2089.411,529.19,2618.601
2020 agosto,205.964,542.3,748.265,992.888,1741.152,214.68,419.87,634.55,768.732,1403.282,1845.961,294.681,2140.642,539.526,2680.169
2020 septiembre,233.624,436.135,669.759,740.242,1410.001,232.711,386.306,619.016,655.668,1274.684,1785.222,276.293,2061.515,468.946,2530.461
2020 octubre,371.039,360.014,731.052,630.335,1361.388,306.716,370.093,676.809,647.984,1324.793,1886.104,281.051,2167.156,492.083,2659.238
2020 noviembre,591.153,340.043,931.197,624.741,1555.938,398.324,334.023,732.347,613.682,1346.028,1904.864,270.117,2174.981,496.27,2671.251
2020 diciembre,1001.342,442.744,1444.085,815.823,2259.908,579.865,359.817,939.682,663.017,1602.699,2006.327,271.226,2277.553,499.775,2777.328
2021 enero,1120.598,466.36,1586.958,855.052,2442.01,639.484,356.546,996.03,653.712,1649.742,2021.563,272.105,2293.668,498.894,2792.562
2021 febrero,1102.867,431.787,1534.654,802.914,2337.568,638.106,335.59,973.696,624.033,1597.729,1608.734,253.325,1862.059,471.061,2333.12
2021 marzo,764.851,390.244,1155.095,684.106,1839.201,488.179,351.017,839.196,615.34,1454.536,1893.811,264.606,2158.417,463.859,2622.276
2021 abril,493.393,320.356,813.749,575.686,1389.435,356.864,336.837,693.702,605.304,1299.005,1889.505,271.803,2161.308,488.435,2649.743
2021 mayo,350.976,345.159,696.135,652.826,1348.961,285.755,357.275,643.029,675.741,1318.77,1921.45,285.593,2207.043,540.164,2747.207
2021 junio,242.51,450.908,693.417,855.424,1548.841,238.091,406.208,644.299,770.623,1414.922,1879.563,295.826,2175.389,561.216,2736.605
2021 julio,218.286,527.135,745.421,975.924,1721.345,233.712,436.244,669.955,807.65,1477.605,1902.92,310.67,2213.59,575.167,2788.757
2021 agosto,207.041,538.386,745.427,992.382,1737.808,229.639,447.351,676.99,824.582,1501.572,1952.382,312.459,2264.84,575.941,2840.781
2021 septiembre,228.067,447.352,675.419,764.637,1440.056,243.184,405.989,649.173,693.938,1343.112,1868.884,292.808,2161.692,500.483,2662.175
2021 octubre,325.04,354.821,679.861,622.176,1302.037,301.648,382.985,684.633,671.56,1356.194,1948.29,291.235,2239.525,510.677,2750.202
2021 noviembre,651.163,343.216,994.379,635.819,1630.198,455.939,353.163,809.102,654.245,1463.347,1931.111,281.644,2212.755,521.755,2734.51
2021 diciembre,868.614,401.577,1270.191,742.338,2012.529,537.006,363.431,900.437,671.823,1572.261,2010.912,282.02,2292.931,521.329,2814.261
2022 enero,1207.802,481.285,1689.088,930.624,2619.712,702.926,383.129,1086.054,740.826,1826.881,2061.097,284.277,2345.374,549.685,2895.058
2022 febrero,1025.216,431.002,1456.219,781.569,2237.788,611.21,346.846,958.056,628.962,1587.018,1848.603,259.15,2107.753,469.936,2577.689
2022 marzo,791.195,383.477,1174.671,683.08,1857.751,520.121,367.985,888.106,655.485,1543.591,1995.174,283.044,2278.218,504.18,2782.398
2022 abril,552.506,335.079,887.585,594.576,1482.161,387.062,354.234,741.296,628.565,1369.861,1882.911,277.096,2160.007,491.688,2651.695
2022 mayo,341.57,378.881,720.451,719.937,1440.388,286.245,379.963,666.208,721.994,1388.202,1875.53,290.334,2165.863,551.683,2717.546
2022 junio,248.208,469.084,717.292,882.122,1599.414,242.321,409.479,651.801,770.035,1421.836,1895.354,301.043,2196.397,566.119,2762.516
2022 julio,228.157,565.418,793.576,1052.078,1845.654,234.837,451.434,686.271,839.986,1526.258,1969.574,304.246,2273.82,566.112,2839.932
2022 agosto,216.285,551.533,767.819,974.433,1742.252,229.952,457.767,687.719,808.77,1496.489,1966.073,312.498,2278.57,552.112,2830.682
2022 septiembre,235.746,444.852,680.599,749.747,1430.346,242.723,418.083,660.805,704.629,1365.435,1902.085,290.502,2192.588,489.608,2682.195
2022 octubre,392.465,343.671,736.136,603.978,1340.114,330.132,376.335,706.467,661.381,1367.848,1963.457,286.785,2250.242,504.004,2754.246
2022 noviembre,692.316,354.66,1046.976,672.912,1719.889,473.165,358.126,831.291,679.489,1510.78,1959.503,274.416,2233.92,520.663,2754.582
2022 diciembre,1062.539,453.734,1516.273,867.413,2383.686,634.576,381.402,1015.978,729.134,1745.112,1863.025,274.313,2137.337,524.41,2661.747